ID,SCHOOL NAME,TEAM NAME,Mascot_Type
bd51da86-e24d-4aab-9ad1-4c7c726d7ba7,Mount Union,1846,Number
8ddbfca9-a931-4908-aa31-9fcd17624b5f,Charlotte,49ers,Number
11a617d5-af03-4cce-bc8a-51114d9e41fe,Long Beach State,49ers,Number
52f29fae-29af-46ec-9882-5b731ac91515,Cameron,Aggies,Nonsense
c6a81263-baf3-4a3b-927e-e02b9d4d262f,Delaware Valley,Aggies,Nonsense
5016fe1a-9571-4d10-bf5b-b9c1b496bd57,New Mexico State,Aggies,Nonsense
53aaac6a-796e-41a6-a04e-6ce74c5717f8,North Carolina A&T,Aggies,Nonsense
11a56ea8-4441-43df-ad03-7bbdaae8387f,Oklahoma Panhandle State,Aggies,Nonsense
ef184799-d79b-49d9-a662-991eaf4044cd,Texas A&M,Aggies,Nonsense
8aaad1c0-d16e-4b9f-8541-dac670addd71,UC Davis,Aggies,Nonsense
7672ff16-8436-47e6-8546-0fb5494ec7ee,Utah State,Aggies,Nonsense
204410bf-b272-41ea-893c-55380c48cee7,Oakwood University,Ambassadors,Occupation
91bba792-47b0-45aa-8225-a6020e3d673b,Anna Maria,AMCats,Cat
052f4c18-817e-4d0c-ae69-ec2ff6122f7a,Rhode Island College,Anchormen,Occupation
39d00ef7-320d-47cf-a2fa-859bc24d16b4,UC Irvine,Anteaters,Mammal
f7e6acc3-0778-4de5-940a-d88e20df1159,Grand Canyon,Antelopes,Mammal
da6c10c8-ee93-4f0d-b0ed-e5e4bafe5e41,Notre Dame de Namur,Argonauts,Hero
c700a775-1d6e-4edf-846c-442c28f9aad1,University of Providence,Argonauts,Hero
7687d8c9-5852-4c61-a31b-45e562c11f6f,West Florida,Argonauts,Hero
cbd39e04-5eb0-4a42-a1d3-2e9224a48285,Ursuline,Arrows,Weapon
d3d51824-81e4-4e9e-a172-c6a763a087a7,Augsburg,Auggies,Nonsense
e6914f16-ca37-4d2e-ba26-a425910283e2,San Diego State,Aztecs,Race
4ec343cd-ec96-4714-9c7b-0ead6407a9f0,Johnson State,Badgers,Mammal
b18e8297-dd3e-4035-b6d7-eb0a44bd40aa,Spring Hill,Badgers,Mammal
c7569eae-5b93-4197-b204-6f3a62146b25,Wisconsin,Badgers,Mammal
a74c5e28-bd21-4b6e-b838-2dc40be3ed90,Lock Haven,Bald Eagles,Raptor
db40e5c5-2d40-4471-83a1-79f8e98c5da8,UC Santa Cruz,Banana Slugs,Invertibrate
015dd294-841b-4e87-a545-32af26c29939,Trinity College,Bantams,Bird
cdd07e82-bc07-4781-b784-1a94827f4d6e,Brewton-Parker College,Barons,Occupation
0496c4c9-37a7-48db-ae81-c42eeb2de5fc,Franciscan University of Steubenville,Barons,Occupation
9e7a6a71-cb0f-40b6-be06-3a24679e82ce,Alderson-Broaddus,Battlers,Occupation
6d765108-9d7d-4836-ad7e-96f17d2a5903,Rocky Mountain College,Battlin' Bears,Bear
d166469a-d24e-4f1d-9291-cd88910f7b0d,NC Wesleyan,Battling Bishops,Religious
e40abcd3-f305-4a39-98c2-82bf98b1f114,Ohio Wesleyan,Battling Bishops,Religious
dbd3591c-a49c-49da-ab52-a364a1b2e032,Massachusetts-Boston,Beacons,Thing
9c7f3b90-ec9f-4a30-9ade-e0bcb8c8835e,Northwest Christian,Beacons,Thing
59b2aa75-52ab-4901-93ae-7519f3bec261,Baruch,Bearcats,Mammal
fa0f8282-c4f1-490e-962c-f25350cd76f4,Binghamton,Bearcats,Mammal
345a1791-10ce-4443-8a6b-2688e5804911,Brescia,Bearcats,Mammal
a17dfc54-415f-49c3-a2e6-d6fa9db18b0a,Cincinnati,Bearcats,Mammal
b18d3456-8403-4101-987a-e1f887735478,Lander,Bearcats,Mammal
475d33e8-92d9-4fda-bdae-8c9bbd83541b,McKendree,Bearcats,Mammal
481bef58-8bad-47c1-a589-75174be8c5a2,Northwest Missouri State,Bearcats,Mammal
64a908fd-2711-46fe-9952-da9d90182293,Rust College,Bearcats,Mammal
90b5e6e0-028a-4fbe-9a23-15d9d63b5ae9,Saint Vincent,Bearcats,Mammal
6f19b0c3-a94b-4633-aa93-17d67b50f6b0,Southwest Baptist,Bearcats,Mammal
a4fd18c7-5b88-4d38-81a4-305584a87ba0,Willamette,Bearcats,Mammal
67322042-9c40-4dc2-b33a-4754c02ec82a,Sam Houston State,Bearkats,Mammal
c2749176-0670-4535-a27f-12fe69b853dc,Barclay College,Bears,Bear
db6e1cab-3fa3-4a93-a673-8b2a358ff4bf,Baylor,Bears,Bear
a2aafcf5-2c4e-464e-b434-80057921ea1b,Bloomfield,Bears,Bear
cf263467-ae41-434d-879e-17e0243c3300,Bridgewater State,Bears,Bear
6397f307-7734-430f-8af8-404a1c795baa,Bristol,Bears,Bear
558abf02-97f4-4323-aa99-63c076d35932,Brown,Bears,Bear
dfc2dfb7-aa67-4c48-99c9-4fa6c6bc4355,Central Arkansas,Bears,Bear
14cbdb82-acc6-4cb6-8eb8-51b270a400db,Lenoir-Rhyne,Bears,Bear
a14b0057-8eb5-43d2-a33b-666196da933e,Mercer,Bears,Bear
b83de2df-328f-4303-9895-cdff048fb1ed,Missouri State,Bears,Bear
576b816b-5b9a-4768-a62b-f8435a8272c2,Morgan State,Bears,Bear
e09a1776-fee0-4a04-86dc-64ef40e217d5,New York Institute of Technology,Bears,Bear
7e42fa84-68cd-47a6-b49a-18b5414d8084,Northern Colorado,Bears,Bear
4bbd6609-cde9-48b6-877f-9463cc699eaa,Shaw,Bears,Bear
e10bfa81-450c-43a3-8748-451d931f4990,Shawnee State,Bears,Bear
0bc3b3da-7370-4d03-aa4f-29bf30c08b20,St. Joseph's (BKN),Bears,Bear
8ae66faf-3a58-4c0a-b2df-b38aa563e556,SUNY-Potsdam,Bears,Bear
2de2f805-e9dd-4126-9e0e-d2e568552cf8,Truett-McConnell,Bears,Bear
0b582b92-c5ce-4b64-b458-386b32edc8d3,Ursinus,Bears,Bear
2c4a4876-3f6c-4d05-ac1d-9e06576d846a,US Coast Guard,Bears,Bear
d1df88ab-793f-4f19-a624-702a58d45298,Washington University in St. Louis,Bears,Bear
25eddd81-4a08-4e5c-9895-e6e45f5ac4c1,Babson,Beavers,Mammal
d9897e34-6549-4169-a402-7d108e9a62d9,Bemidji State,Beavers,Mammal
8287eb7b-716f-4d66-b111-6cc8f291d288,Blackburn College,Beavers,Mammal
ef824c22-ecbf-43e0-9621-7529b899bc75,Bluffton,Beavers,Mammal
f2be170d-d373-4057-9a23-070e3737da73,Buena Vista,Beavers,Mammal
b60256b5-62ed-4942-b619-ffa2126644e3,California Institute of Technology,Beavers,Mammal
8d54b246-e743-4303-8a56-8bba2090bd6a,City College of New York,Beavers,Mammal
40ad7d63-e7cd-4d5f-a811-0d7a6bcc1082,Maine-Farmington,Beavers,Mammal
593767bf-d17a-4469-b35e-c82efca885a6,Minot State,Beavers,Mammal
532d3874-b4b3-4c5c-acc6-749a6db26c8f,Oregon State,Beavers,Mammal
4957b214-6914-4151-b2b6-7cbde1d1256c,Penn State-Erie,Behrend Lions,Cat
a418710d-47f7-4969-a4d3-3204363b4263,Buffalo State,Bengals,Cat
6a67ba19-56a8-4dd8-a5ae-9e9f2523c274,Idaho State,Bengals,Cat
faa1c88a-e9d3-4ae2-851e-309c5475c904,Maine-Fort Kent,Bengals,Cat
22235b21-e2e8-4396-942d-707bfde79731,Millikin,Big Blue,Color
d60357bd-1205-42e9-9092-d986a2843a34,Dartmouth,Big Green,Color
88ff8c00-958e-4ccf-a21d-77fab9e93692,Cornell,Big Red,color
170c9d9b-809b-46b8-8141-d16452959ff3,Denison,Big Red,Color
1e42cce3-236b-4f3e-9650-2c45e6332e1e,Saint Louis,Billikens,Nonsense
b3cb72ed-5e09-4c15-9f9e-da0b31a1d980,Bethany (WV),Bison,Mammal
98d2123a-c7b9-4b5f-8a81-43f76d8537dc,Bucknell,Bison,Mammal
bc1c8f59-23f9-4f4e-9d78-2fcdda4221e2,Gallaudet,Bison,Mammal
99fd9d23-82da-41ea-ad6d-896f7bac313b,Harding,Bison,Mammal
22fbe5dc-c6db-4675-b3a3-2d8af7f5d313,Howard,Bison,Mammal
9a891b71-bc2b-4f3a-8118-1f858feab95c,Nichols College,Bison,Mammal
984e7518-e418-45d5-9797-979b8c2085c1,North Dakota State,Bison,Mammal
32dc8ed9-eb14-49ce-a707-57a017be3ea7,Oklahoma Baptist,Bison,Mammal
a2b8223d-40b3-4076-b5df-55655c2f8591,Lipscomb,Bisons,Mammal
0095032d-6143-44f2-8974-f6815fc56c5b,Maine,Black Bears,Bear
6dfaf0ba-47c4-4e05-b0a7-72734747d48f,Army,Black Knights,Hero
82c12e8d-7c6c-47d8-b100-3cbc190d268e,LIU Brooklyn,Blackbirds,Bird
d75d003d-61d7-4ac9-baff-d03d5b7d4d9f,Belhaven,Blazers,Random
a8033d05-f814-4f59-ba3e-6fa28219c1f7,Elms,Blazers,Random
37a48263-6461-4c74-b465-e56ed1b2522d,Hood,Blazers,Random
63a8fdcf-b51b-4de3-8a57-2a6e41d362ce,UAB,Blazers,Random
719192de-b37a-4244-b50c-04416962f974,Valdosta State,Blazers,Random
690ee661-1b4f-4d9d-8af0-8f5f6c42054b,Dillard,Bleu Devils,Villian
79922d43-45c7-4006-9a46-a715dabcda9a,John Jay College,Bloodhounds,Dog
c8fb9f78-2dfa-4545-b621-88457a4cbd03,New Rochelle,Blue Angels,Religious
152d1387-5895-44a2-8f15-7901ded72a5b,Livingstone,Blue Bears,Bear
ee09e6ad-3872-4745-bbb9-ebbd5c6f8318,DePaul,Blue Demons,Villian
9c603f87-5511-4bd0-8344-edb3934dcf5e,Lawrence Tech,Blue Devil,Villian
a93bf4f2-3724-4539-8c8a-9ac8ee3741a6,Central Connecticut State,Blue Devils,Villian
faeb1160-5d15-4f26-99fc-c441cf21fc7f,Duke,Blue Devils,Villian
017b5377-f359-44f0-a7a6-7c9f067af9c9,SUNY-Fredonia,Blue Devils,Villian
9720b573-4eca-480b-975f-997a53466438,UW-Stout,Blue Devils,Villian
2f4a24c4-212b-4d5a-b2cf-f16fd0acd47a,Dickinson State,Blue Hawks,Raptor
b06b63b0-20e6-4c78-bdcf-5feac3d7995e,Presbyterian,Blue Hose,Thing
77385e33-b1e8-4b3d-a232-deb07dbd522e,Elizabethtown,Blue Jays,Bird
8de05cd9-b548-4afd-b993-d0b743916915,Johns Hopkins,Blue Jays,Bird
6ed8a8c7-11bf-4326-892a-ef03036f3778,Saint Joseph (CT),Blue Jays,Bird
9221016f-4dbe-4ee3-a164-f3b810978f75,Westminster (MO),Blue Jays,Bird
c66fc1ae-fd56-4d69-b5dd-9c926bf40cca,Urbana,Blue Knights,Hero
99a4192a-ac50-4edd-bd9a-4dbd1f5ed22e,Lindsey Wilson,Blue Raiders,Villian
3d2f0819-8f3b-4ff3-afd6-6227c469a751,Middle Tennessee,Blue Raiders,Villian
fa997422-8a15-4286-a509-9c3478984f4f,John Carroll,Blue Streaks,Nonsense
2d683f01-54ed-448c-b938-726e6f55f877,Illinois College,Blueboys,Occupation
7d797407-623e-476d-b299-46de4275414d,Creighton,Bluejays,Bird
7c45c0e3-1d4d-4589-a487-12ec63cd1cb6,Elmhurst,Bluejays,Bird
ea22a80e-0194-4bda-99d1-a32f3545fffc,Tabor College,Bluejays,Bird
842f897f-3bed-4cb2-aa1c-7c9ea30b5f5a,Bluefield State,Blues,Color
a96c7691-dcef-4c60-9148-0f977330410c,Whitman,Blues,Color
18b3c4b0-9c1c-4535-9d18-5750438c389e,UW-Eau Claire,Blugolds,Color
2c7c53e8-9032-4b3d-96f6-62e92c7a268d,Bates,Bobcats,Cat
83bb9428-da35-437a-a432-187b0b52b4f1,Frostburg State,Bobcats,Cat
23218f9f-b71d-42d0-a140-43e8e2728a7c,Georgia College & State,Bobcats,Cat
b083060e-8b15-455e-b00b-2a91e9a03ac9,Lees-McRae,Bobcats,Cat
bec40585-b587-4548-93f5-b7c00b046aea,Montana State,Bobcats,Cat
327f09e2-e75f-4014-8ef7-caf9202cd583,Ohio,Bobcats,Cat
0eebcb32-e9ab-4869-9576-81f94c8e9815,Peru State,Bobcats,Cat
9ad26501-aea4-410a-b09a-91ad343bb3ba,Pittsburgh-Greensburg,Bobcats,Cat
6a8d2a24-2128-47a0-913f-3d29e9d6592c,Quinnipiac,Bobcats,Cat
1e5dc9e4-c60d-487b-8279-dfbec9229faa,Texas State,Bobcats,Cat
f60052fb-ec35-4565-ba21-c48dd773eb63,UC Merced,Bobcats,Cat
9c3570a6-9a09-4a0f-aae1-d41503989c2b,West Virginia Wesleyan,Bobcats,Cat
12d7f888-675b-459f-9099-a38f771d8a95,Purdue,Boilermakers,Occupation
3d76d63e-8af0-4d0a-899c-32ceb54101ad,Arkansas-Monticello,Boll Weevils,Invertibrate
1bec7ec2-2dd0-42e5-9124-8da88742d2f6,Ithaca,Bombers,Occupation
22d90601-19d4-461b-a901-924d12f116ed,St. Bonaventure,Bonnies,Nonsense
b47ef5a4-5e2f-4929-97e9-d3101f3a0f78,Pacific (OR),Boxers,Occupation
1bddc811-44cf-4e53-b4ab-11c8dc82c9de,Alcorn State,Braves,Hero
b47d10b8-a2a5-47df-a2f9-7bd0b9d51beb,Bradley,Braves,Hero
e87a6c52-ca0b-4380-a5a4-d8de94b208a6,Ottawa University,Braves,Hero
1fd29d13-b7fe-4f2e-bffd-e94db5ae650d,UNC-Pembroke,Braves,Hero
3be97c17-ce59-457f-9d08-f71305e5b101,Vassar,Brewers,Occupation
61be018b-2981-4140-b33e-7149797e42cb,Albion,Britons,Race
97ce7b61-e006-4e04-8d90-212754fb1423,Central Oklahoma,Bronchos,Mammal
c1c54dbf-805c-47fc-a707-c803e94db2a4,Boise State,Broncos,Mammal
50cbf068-4e65-484d-aa45-145c46b55e91,Cal Poly Pomona,Broncos,Mammal
bc87efb0-0f98-40eb-92ec-fd2d5304115a,Fayetteville State,Broncos,Mammal
28023973-1d9d-4d01-b939-dc8f9b44fb1c,Santa Clara,Broncos,Mammal
83da37a7-04ae-43aa-8fae-43b4d8c60a16,SUNY-Delhi,Broncos,Mammal
f2164f01-2cbc-4967-bb1c-93656d790921,Western Michigan,Broncos,Mammal
0b73b9b9-1e29-4b14-b5d8-0405fe942e32,Rider,Broncs,Mammal
065e9c15-c404-40d4-9663-71872f1c6868,Bellevue,Bruins,Bear
a0a22502-0d84-440c-84af-1fbb070ad54c,Belmont,Bruins,Bear
b232c20f-6289-4e86-a784-6ea09f7284d1,Bob Jones,Bruins,Bear
9c0b6f9f-aa88-4803-bce4-0d82b72f13d1,George Fox,Bruins,Bear
9aa90cad-af58-4690-bf23-b9517342dfb4,Open Bible College,Bruins,Bear
495c6d01-0c8b-4c18-b3ab-b2bc662f4615,Piedmont International,Bruins,Bear
ec0d6b67-4b16-4b50-92b2-1a651dae6b0f,UCLA,Bruins,Bear
6d66e173-4c07-48f2-9267-c61ae66b9316,Barry,Buccaneers,Villian
29b954ef-03d4-4d60-a08c-8a8e99f5de71,Beloit,Buccaneers,Villian
a3fef707-e4fc-48a0-82f1-f4ef01b76f45,Charleston Southern,Buccaneers,Villian
b14143fc-7d6a-470e-90de-7a2fc7469cf5,Christian Brothers,Buccaneers,Villian
d750d88f-f7b8-4bc3-a5f6-36e7a67ec93e,East Tennessee State,Buccaneers,Villian
f098f0ff-3de7-4474-98e0-fae90dd2b7a5,University of the Virgin Islands,Buccaneers ,Villian
857462b3-0ab6-4d26-9669-10ca354e382b,Ohio State,Buckeyes,Thing
9fccbf28-2858-4263-821c-fdefb3c7efa3,Colorado,Buffaloes,Mammal
f2ff8456-7a8d-427b-8418-4216b6f241bf,Milligan,Buffaloes,Mammal
5a2bc117-ae91-43f9-bb75-7a8c2ab00a4a,West Texas A&M,Buffalos,Mammal
992f4869-3d63-4ddf-888a-e7bd25f61b2a,Adrian,Bulldogs,Dog
949c3398-85e4-4c63-ba71-9a82e06ddea4,Alabama A&M,Bulldogs,Dog
d301f729-71ee-4b50-8f58-ee9442637602,Barton,Bulldogs,Dog
821d36ff-ebad-4b13-81ae-45012d55878c,Bowie State,Bulldogs,Dog
63e9eb95-8097-422f-9444-ec1cb850a8e9,Boyce College,Bulldogs,Dog
3863683f-eccc-4013-a1b2-f0413a43eecd,Brooklyn College,Bulldogs,Dog
61dadefa-76bf-4db4-8067-f88df540b9cd,Bryant University,Bulldogs,Dog
bdb7d7a4-45f8-4bf3-ab85-15488c451494,Butler,Bulldogs,Dog
412e7f0d-fb93-4e6e-be1f-9a4c7490d121,Citadel,Bulldogs,Dog
0717335e-2875-4009-b0ff-3b7b0399ff8a,Concordia (NE),Bulldogs,Dog
5dd8f9b8-a87d-43b2-99ac-708a2eb367f8,Dean,Bulldogs,Dog
bbf54d0b-09e2-4f59-bc46-3e1bc50d42b0,DeSales,Bulldogs,Dog
aed211c3-23a4-4188-ad70-22c6eba7d765,Drake,Bulldogs,Dog
cd19c9cf-0dd6-4e8a-8d7d-1f23b8f1e738,Ferris State,Bulldogs,Dog
9fdeb490-e8e5-4fe7-8011-0d00e8784b1c,Fisk,Bulldogs,Dog
dd8db4d8-d984-4cab-b7f6-22c6b8c2c45f,Fresno State,Bulldogs,Dog
4f4b0771-994c-4126-822d-7525aaa00f65,Georgia,Bulldogs,Dog
2f4d21f8-6d5f-48a5-abca-52a30583871a,Gonzaga,Bulldogs,Dog
1b636371-1c29-4b6a-91b2-e1593c94f012,Jarvis Christian,Bulldogs,Dog
8ff733a9-9f93-46de-ba7e-cf6f7e429670,Louisiana Tech,Bulldogs,Dog
b40c3e0f-fef2-41a0-98c6-40534b64f613,McPherson,Bulldogs,Dog
0766c693-76a5-4548-b693-fcb17d985c9d,Minnesota-Duluth,Bulldogs,Dog
a1ba4b89-d97c-44e2-835f-79ad3ccaa5ae,Mississippi State,Bulldogs,Dog
0965c7b5-a3d5-47a6-a7ef-634351bc4c37,Montana-Western,Bulldogs,Dog
3ffe1d01-de5a-4d50-be8d-bce90f306f59,Redlands,Bulldogs,Dog
c13f96ba-c79c-452f-9f63-3b45fae4e543,Samford,Bulldogs,Dog
6af272f8-6977-4d70-a944-5ebb16df23ba,Selma,Bulldogs,Dog
a44f8c85-7ab6-4a4e-b6f1-c69a4cabe1ed,South Carolina State,Bulldogs,Dog
6cc8645d-74d6-4cfb-b98e-edf9f307b5e0,Southwestern Oklahoma State,Bulldogs,Dog
5a5349ae-c4fa-4a92-9398-837003ec2fe1,Tennessee Wesleyan,Bulldogs,Dog
d89673e4-c8f0-4436-b5f2-183f57f2cc1f,Texas Lutheran,Bulldogs,Dog
2d627295-cce2-4c48-928d-d7a202d9a502,Tougaloo,Bulldogs,Dog
dd5a758b-31db-49f6-9ada-938c6c1426dd,Truman State,Bulldogs,Dog
ad9fce12-6b1a-400c-bcbe-29d84d065fc0,UNC Asheville,Bulldogs,Dog
3341a5e9-0fb8-4e22-acfd-cc800c72f008,Union (KY),Bulldogs,Dog
932bee13-5963-403a-b7cd-25ad963e9a9c,Union (TN),Bulldogs,Dog
2d650b54-67fe-44ce-99b5-e12091c1886c,Wilberforce,Bulldogs,Dog
5de600cf-419b-4ebe-8dd9-a7a22c8b29b7,Wingate,Bulldogs,Dog
ca478771-aa3d-4231-81e0-b70f519134fb,Yale,Bulldogs,Dog
8224dbc2-ddd6-48e9-bd9e-3e8f4beffd13,Gettysburg,Bullets,Weapon
a9f5c9a2-342c-4881-9996-5d5c05ec9bd9,Buffalo,Bulls,Mammal
55af9c69-3675-4b9b-a882-96640b782fff,South Florida,Bulls,Mammal
a726e35d-297a-492b-9cc0-6d99a5f2fade,Norwich,Cadets,Occupation
16ce985f-623e-4b35-b87d-c779dfd55da9,Connecticut College,Camels,Mammal
2c2933a8-5317-4675-b5ba-589bec90b653,Christopher Newport,Captains,Occupation
683ab61f-546f-44da-b085-c3a5740554aa,Stanford,Cardinal,Bird
315c4deb-3c9d-413d-a369-7168f2545d21,Ball State,Cardinals,Bird
aa3be6ea-fe19-408c-8db0-5405dc1c60e6,Concordia (MI),Cardinals,Bird
912671c7-19fd-451b-813e-885485427820,Incarnate Word,Cardinals,Bird
eda6c307-1e0f-4a28-82f4-ee9653b343fb,Lamar,Cardinals,Bird
b795ddbc-baab-4499-8803-52e8608520ab,Louisville,Cardinals,Bird
b07c3b44-bac3-428a-9060-aba9e975a3c9,North Central College,Cardinals,Bird
f9336c7d-6f47-4bea-b807-05160a9e874d,Otterbein,Cardinals,Bird
ef29d77f-3e03-41cf-9759-cf5c8484af42,Saginaw Valley State,Cardinals,Bird
8cc69a3a-48cd-4c34-ab3e-dfcb0f7b6b21,St. John Fisher,Cardinals,Bird
6347c2a0-b953-4e78-aac6-89d5361429cb,St. Mary's (MN),Cardinals,Bird
19ea655e-f218-4848-b139-8e7e91491f42,SUNY-Plattsburgh,Cardinals,Bird
bd3ba5e1-5876-4dd4-bb36-a4f654e10f28,The Catholic University of America,Cardinals,Bird
e7f34775-2362-49bf-a0de-908a1c99f3bf,Wesleyan University,Cardinals,Bird
95ee336a-b0cd-4ade-83ed-269054b9fd6b,Wheeling Jesuit,Cardinals,Bird
9eaff106-f5e5-4833-94e2-606f9947d190,William Jewell,Cardinals,Bird
755a420c-c5a6-4daa-a7a1-0866281aa6e6,York College (NY),Cardinals,Bird
18e89867-9201-41ce-ba19-fadddf92fa17,Vermont,Catamounts,Cat
6bff595c-32cb-4028-837c-c7de2a2107e6,Western Carolina,Catamounts,Cat
766f2fbc-17f3-4d05-932c-b9d6ffb99b65,Cabrini,Cavaliers,Hero
655bfece-16b4-472a-8642-90ea4b1ec551,Concordia-Portland,Cavaliers,Hero
a6d6d859-ed70-47eb-8b5a-ff6843136696,Montreat,Cavaliers,Hero
56913910-87f7-4ad7-ae3b-5cd9fb218fd9,Virginia,Cavaliers,Hero
255d5ae7-437a-4b35-b976-f76692357632,Walsh,Cavaliers,Hero
579819c8-c472-466a-a73b-d721058305bf,Carlow,Celtics,Race
7ea36595-a70a-4bc6-a654-96da46baddc4,St. Thomas (TX),Celts,Race
4af63ebd-d3c8-4772-bbde-938a078bd057,Coastal Carolina,Chanticleers,Bird
f4e471ed-6508-4fdf-b5a6-99081785dc18,Lubbock Christian,Chaparral,Thing
6a201746-3c62-4dcc-a822-e64c214abab8,Alabama Huntsville,Chargers,Occupation
27507ddf-bc43-45a9-b911-7375a7d90b4f,Colby-Sawyer,Chargers,Occupation
910132ee-328a-4c4d-bbcf-84bfee80658a,Dominican (NY),Chargers,Occupation
8967c7ec-141e-491f-a79d-9b62f7905efb,Hillsdale,Chargers,Occupation
78bef4d3-95f3-47b8-9bd8-ba55ff4f1ec7,Lancaster Bible,Chargers,Occupation
38fbca18-0234-45fe-9646-43ed231eebe2,New Haven,Chargers,Occupation
5515f84f-9e94-441e-95f6-5dc89b9e9435,Southeastern Baptist College,Chargers,Occupation
472c22e0-843d-472c-a871-f1593fb0725d,Central Michigan,Chippewas,Race
d70b5ef9-a4fd-4579-b7d8-1dc395051f10,Mississippi College,Choctaws,Race
bbee8201-c65b-4a75-abff-a689b4701df4,Simon Fraser,Clan,Race
991be447-1d27-40e3-bdd5-79c7d056d40c,Concordia (NY),Clippers,Thing
1f52d449-52b2-4eae-a714-c36095c547c0,Maine at Machias,Clippers,Thing
8d23eda2-952a-40ed-a882-59645518fcb3,Concordia College,Cobbers,Occupation
8a5e8f5d-e8e0-41a3-a1e9-e6c611cc2868,Coker,Cobras,Reptile
b55cf978-03bf-4c6f-a50a-040db4c0f797,Centre,Colonels,Occupation
2c5ad601-e4ac-4cb7-810c-c8980cbceda7,Curry College,Colonels,Occupation
e48e3dd5-721c-4d96-8ff4-790fe2597bfd,Eastern Kentucky,Colonels,Occupation
c0d19efd-d40c-4e32-8e90-dbcb28178b5d,Nicholls State,Colonels,Occupation
3f847eae-48b6-4648-96df-3f1bf28abb41,Wilkes,Colonels,Occupation
d52c3640-069c-4554-982e-e6537c8044f1,George Washington,Colonials,Occupation
6906e22d-92fa-40cb-8c05-ec8391ac1979,Robert Morris,Colonials,Occupation
0544b78f-290a-44b2-8fff-b6db464586d0,Western Connecticut State,Colonials,Occupation
0620a022-381d-4097-9ade-8de0d4d24cc9,Mayville State,Comets,Weather
7d6796a2-1d9b-40d7-8fb7-4211541756bb,Olivet,Comets,Weather
dda6b20c-3563-467b-bd81-308070e19ee7,Texas-Dallas,Comets,Weather
72971b77-1d35-40b3-bb63-4c5b29f3d22b,Vanderbilt,Commodores,Hero
ea6f66cc-3cde-4037-b3d5-72ced6705ca0,Florida National,Conquistadors,Occupation
ae4a0cba-c02d-46b9-9698-81a13f89b02e,Hamilton,Continentals,Thing
f8b1bf00-5b73-4ac4-98c0-ec554027ae32,Nebraska,Cornhuskers,Occupation
9cf7dfe1-5560-4302-b91d-0fa25a4bbb7a,Massachusetts-Dartmouth,Corsairs,Villian
f189c61a-6ae1-4c65-8cc3-2eba02294bba,Averett,Cougars,Cat
378330e0-74bb-4e08-b372-0082490c11ea,Azusa Pacific,Cougars,Cat
c31455b2-8a45-4248-aa8f-ce7eab1c6b02,BYU,Cougars,Cat
8aea419c-7804-4918-b7eb-e50181ad0580,Cal State San Marcos,Cougars,Cat
899a0733-f0bc-4cd3-9061-b963d9507de8,Caldwell,Cougars,Cat
48013c08-55fd-4a47-9281-62d284277df4,Carver,Cougars,Cat
8548dacb-3636-48a8-8c46-611ab0c15fc0,Charleston,Cougars,Cat
3458f2fd-b335-4177-a76c-48239ac30996,Chatham,Cougars,Cat
2f8c85a7-54f4-4942-be16-2cbac77c82d7,Chicago State,Cougars,Cat
8b93c8ce-dfd4-4519-be7a-a208af826a30,Cincinnati Clermont,Cougars,Cat
fec82df6-5611-485b-9a45-05a024dc38ff,Clark,Cougars,Cat
3b5fe2b9-5d48-488b-a685-4e5652ccaa7c,Clearwater,Cougars,Cat
ccbfc5ec-887b-420d-953f-3f90d7619971,Colorado Christian,Cougars,Cat
4e622a96-2782-4cb0-9b1c-4adf055d95f7,Columbus State,Cougars,Cat
34bbdb46-1be0-4036-b663-193882a9c48a,Concordia-Chicago,Cougars,Cat
1f99a164-d593-4d81-85d5-0d7889d6f486,Houston,Cougars,Cat
5c2ca084-02c4-41e5-84ce-6e565d096dc8,Indiana-Kokomo,Cougars,Cat
f878cfff-b017-4070-8159-5341d38e91a5,Kean,Cougars,Cat
17593edd-5657-4e17-80f4-2f9e98bc868c,Medgar Evers College,Cougars,Cat
07be8eec-afc2-4c97-a1b9-475ec123c1d3,Minnesota-Morris,Cougars,Cat
9a4a8d2c-36c9-4b02-9091-a807cbab036f,Misericordia,Cougars,Cat
41c784b2-5169-4d54-936b-41b4b26757bb,Mount Vernon Nazarene,Cougars,Cat
529bff5e-1bc2-4f38-9702-9b03ec438a10,Sioux Falls,Cougars,Cat
c206712f-2298-4279-b76c-834ac42809b9,SIU-Edwardsville,Cougars,Cat
e43fdcb1-c679-4fc8-9b66-c6171603a1c7,Spring Arbor,Cougars,Cat
4ebf2e77-c5ca-4d42-9492-a8944af62d7b,St. Xavier University,Cougars,Cat
2d4f0015-adb4-4877-8c15-4a6eed7eed03,Washington State,Cougars,Cat
8fedc1d2-482b-4c00-b581-f0da49935902,Hardin-Simmons,Cowboys,Occupation
d2ef641c-70e4-48bb-b40d-ac654d179205,McNeese State,Cowboys,Occupation
728ca5b3-3bd1-4b8d-8dd4-cbecc949e5f8,New Mexico Highlands,Cowboys,Occupation
8ab00d43-840a-4c96-bdee-bf88fa6e3f11,Oklahoma State,Cowboys,Occupation
a7127c0a-a466-47ae-91ad-9a71ee2c9427,Wyoming,Cowboys,Occupation
b85b5e76-a532-46f6-a20c-3142b996d575,Cal State San Bernardino,Coyotes,Predator
48c7f9f3-f7e4-4c4a-b429-7995f9ee78c4,College of Idaho,Coyotes,Predator
c946b7ac-5159-4817-93c4-fc9495c6425b,South Dakota,Coyotes,Predator
5c7bf63f-bc39-43c5-9907-73b50b7a6b34,Harvard,Crimson,Color
6eb72e48-9e7b-45ca-99a2-1f12836b9ba6,Indiana (PA),Crimson Hawks,Raptor
b6d73d99-b3ce-4038-ad23-e08fcbe6b4c4,Southern Nazarene,Crimson Storm,Color
c2104cdc-c83d-40d2-a3cd-df986e29f5d3,Alabama,Crimson Tide,Color
15e37107-75f4-4bea-8da6-1f6d36579cf2,Belmont Abbey,Crusaders,Hero
98d4d85d-ad65-4eb9-8c84-7a06476536f6,Capital,Crusaders,Hero
a80954de-faf1-4b91-b070-a6eca5df75ea,Christendom,Crusaders,Hero
05ff8dd3-025d-4f39-8c9d-e99ee339a559,Dallas,Crusaders,Hero
b293fafe-48bb-4e2c-9d41-777125398b2d,Dallas Christian,Crusaders,Hero
8784cd8e-00f3-47b9-8788-29172ee14d9d,Evangel,Crusaders,Hero
31aedd91-a77e-46c1-8bdc-80e9860c159d,Holy Cross,Crusaders,Hero
43b3b584-0e9d-4ee8-ba3c-bcaa65a97d38,Madonna,Crusaders,Hero
4e09fc4f-aef2-415b-b2d5-89ae8433f24e,Mary Hardin-Baylor,Crusaders,Hero
14a4c0bd-1c91-4cce-84a8-3097f3b7f95f,North Greenville,Crusaders,Hero
c3f147e6-aa3d-4af1-a116-999a6da3cf4a,Tennessee Temple,Crusaders,Hero
df3da9d7-2d2b-44e2-99e2-08c4945a203b,Valparaiso,Crusaders,Hero
a2744977-be5e-4fc0-bc68-f6810633916d,William Carey,Crusaders,Hero
c5a5be1e-d226-435f-a314-b7748e07483e,Centenary (NJ),Cyclones,Weather
0e4258fa-3154-4c16-b693-adecab184c6c,Iowa State,Cyclones,Weather
fc1fd728-13ca-4f5a-bb77-1c838b02eccd,New Hope Christian College,Deacons,Religious
bc55fb01-f4c5-4b98-b627-5522af0506f4,Clarks Summit,Defenders,Hero
5873529e-e5e3-4a06-8a03-fa4cbe509880,Mississippi Valley State,Delta Devils,Villian
4fbebf0a-e117-4a0c-8f15-c247535a2a1b,Wake Forest,Demon Deacons,Villian
71874e7e-8260-43f9-bb7c-65f267dbe8ce,Northwestern State,Demons,Villian
0283d380-1fea-4d6f-a1bf-b83c26a1b1bb,FDU-Florham,Devils,Villian
0f41cd38-9556-4b74-9088-4451342315c6,University of the Sciences,Devils,Villian
b9fe763a-dab5-4b15-a413-8c190eb3d31f,Franklin & Marshall,Diplomats,Occupation
bb58a798-88be-49d0-9f2f-a614117c0f26,College of Staten Island,Dolphins,Mammal
fb28bd56-9e56-40c1-992d-71c1e27fe4fd,Jacksonville,Dolphins,Mammal
a7086972-971c-4333-9944-5120c6ed6c42,Le Moyne,Dolphins,Mammal
c51a87c7-31de-4889-82ce-57ea63585267,Mount Saint Vincent,Dolphins,Mammal
d24efd99-8717-43b9-a086-9986a684ac04,San Francisco,Dons,Occupation
f2d01b77-0f5d-4574-9e49-2a3eaf822e44,Drexel,Dragons,Imaginary
9bbb886a-fd3c-4d9d-9b3d-ff577bb9b22a,Lane,Dragons,Imaginary
05dafda2-80e2-45a1-8a73-da51fc2f58bb,Minnesota State-Moorhead,Dragons,Imaginary
e2c9e814-f388-4058-a709-bab688bba4d3,Tiffin,Dragons,Imaginary
44ea83e6-fd87-4202-a1ac-595f04915137,Virginia-Lynchburg,Dragons,Imaginary
1da70895-f77f-44ef-b216-d63c02e696eb,Oregon,Ducks,Bird
93013579-6e5c-40a1-858e-f7a949f3f4e8,Stevens Institute of Technology,Ducks,Bird
f49502d3-3810-42ab-9485-5cb34306cc33,Loras,Duhawks,Raptor
fea46ac5-6dad-43cd-a770-75554dbcc118,Duquesne,Dukes,Occupation
524e3eec-7dde-45c7-b3cc-6308cec73350,James Madison,Dukes,Occupation
7ad72c48-7b93-411f-8d49-69feed4c8296,Texas A&M International,Dustdevils,Villian
6747ca7b-83db-43ff-950b-6ab4eb6ab521,Central College,Dutch,Race
1a56ac08-0ee6-452d-9914-a7b58a324757,Union (NY),Dutchmen,Race
dc9bf155-af55-44db-baff-3621558ac1f7,Alice Lloyd,Eagles,Raptor
2f513e67-f019-4eec-9096-fbc5911858b6,American University,Eagles,Raptor
22d734ec-c0f1-4d28-9de1-3867597393c1,Asbury,Eagles,Raptor
b8169028-8a04-4f9e-9625-626f2e6b2bf0,Ashland,Eagles,Raptor
0f91d69b-7cbe-4e68-ba83-98d099b5e72e,Avila,Eagles,Raptor
1e60bb31-2cb5-46f1-81e4-881b93e5725b,Benedictine,Eagles,Raptor
cd19deda-c0a6-4ee6-b9d6-0ded87f29ed9,Biola,Eagles,Raptor
4b3ff02c-e0ba-435b-a565-6075bc491684,Boston College,Eagles,Raptor
8ee0a85e-4459-45c0-b2fb-8cb58e286241,Bridgewater,Eagles,Raptor
ad36f20a-e753-4d81-b038-07fa216ea4c1,Carson-Newman,Eagles,Raptor
d71421ad-7010-4ede-84c2-484a89541b74,Central Methodist,Eagles,Raptor
b0b4e96e-20af-4a11-ac5c-6b5103452858,Chadron State,Eagles,Raptor
9057c8ed-7577-4381-babd-28b5a698ff8b,Cincinnati Christian,Eagles,Raptor
36d41539-016d-4c6b-8814-85f2c5b0628e,Concordia-Irvine,Eagles,Raptor
5f9a90a2-3926-404e-8c8a-d9f22ad6907d,Coppin State,Eagles,Raptor
c1dd489f-4ada-43e9-aecd-06d02304c695,Daniel Webster,Eagles,Raptor
2ed86226-3fff-4083-90fa-6b02307e6f73,Eastern Michigan,Eagles,Raptor
46e6f4db-8b7f-4085-aade-5865fc465758,Eastern University,Eagles,Raptor
54df21af-8f65-42fc-bc01-8bf750856d70,Eastern Washington,Eagles,Raptor
e20c37cd-8908-41d1-88f4-bc9f8fd33761,Edgewood,Eagles,Raptor
f4a5709a-5553-4fe0-bcc5-297865fa9620,Embry-Riddle (AZ),Eagles,Raptor
a9ef0bb3-9842-485a-9452-9fc978191b74,Embry-Riddle Aeronautical,Eagles,Raptor
f7c783b7-e348-4940-82c8-0890af2b250b,Emory,Eagles,Raptor
3a83cf87-1022-4adb-abe3-f2e2ffeff9a2,Faulkner,Eagles,Raptor
5326c079-3dc3-468f-a601-b776dd9c1e62,Florida Gulf Coast,Eagles,Raptor
6b955b96-b736-475e-bffd-e4acf2054169,Georgia Southern,Eagles,Raptor
e4b02931-79d9-4db0-aadc-0af76d6af1b3,Husson,Eagles,Raptor
2ba89059-62e5-4624-8fe5-d4b18ab865ca,Judson,Eagles,Raptor
f8d1a3f4-8e84-4cb2-80e7-eb01d770edca,Juniata,Eagles,Raptor
914fda67-13b2-44e2-9050-12172c15875c,Mary Washington,Eagles,Raptor
bdf7405d-66c0-4b2d-9764-d7152c264eaa,Midway,Eagles,Raptor
b7747a03-c85b-4de6-94bf-1b5b68553248,Morehead State,Eagles,Raptor
e4c315a0-e83f-4d14-856e-34a0463059e3,North Carolina Central,Eagles,Raptor
ce3eef52-86bf-4ff2-a0ff-a17852d42923,Northern New Mexico,Eagles,Raptor
48fbf6a2-1fc5-47ce-956a-22d64dff0737,Northwest Indian College,Eagles,Raptor
21590973-08c6-43a4-8e9b-b23aac65b866,Northwest University,Eagles,Raptor
667f435c-7aca-4845-b3c5-a323e1b9c644,Northwestern-St. Paul,Eagles,Raptor
042cfbf1-af7c-4f7e-8f03-0fb21cfc4f09,Oklahoma Christian,Eagles,Raptor
26dfefd2-a56d-4ac1-a7b6-f4e4bc1940c9,Pensacola Christian,Eagles,Raptor
fb3c6ec4-d02a-48e5-8cd8-6f24d1245011,Post,Eagles,Raptor
9b9644e4-47cd-4616-8ae0-364461454784,Reinhardt,Eagles,Raptor
0163cb22-b8d6-4a98-8ba9-c48a006b27f9,Robert Morris-Springfield,Eagles,Raptor
29e59b8b-db7d-493d-adc1-2eec8f49a959,Southwestern Christian,Eagles,Raptor
f02e7357-5a05-463a-b61d-09e381ba3815,Toccoa Falls,Eagles,Raptor
b3b07f46-f173-4d54-bad9-dbbdac6c8bdb,Trinity Baptist,Eagles,Raptor
24c4c573-3c03-4f94-92b4-deb7f875ce0e,University of the Ozarks,Eagles,Raptor
362a08f2-3d98-4ec7-82a4-1d3b4860599b,UW-La Crosse,Eagles,Raptor
cfc291a9-fa68-46da-ae39-9ddbe7c7e771,West Coast Baptist,Eagles,Raptor
6a42d704-53da-497f-b46a-3b5a8ead28d7,Williams Baptist,Eagles,Raptor
ca441726-0c57-4456-b1e7-fff098484fb5,Winthrop,Eagles,Raptor
ea3b1e97-da1f-481f-9aa3-fde89ab92406,MIT,Engineers,Occupation
7e049539-ef50-4d93-8cf8-5aca02790b69,Rensselaer Polytechnic Institute,Engineers,Occupation
d06fe668-e121-4a80-bd14-8883f52d3288,Worcester Polytechnic Institute,Engineers,Occupation
ccb400a6-e6b5-43a0-abe5-5908c2546496,Williams College,Ephs,Nonsense
64a5aa16-6418-435f-9cc7-2885115b67aa,St. Louis College of Pharmacy,Eutectics,Thing
4e30ca6b-d27b-4b01-afb1-d3fb3c4364a1,Mid-America Christian,Evangels,Religious
ad9a3e21-4585-4e35-8946-290fe4a16f18,La Salle,Explorers,Occupation
020edb6c-a9e4-43aa-90b6-4691527badfb,Wells,Express,Thing
aa7af640-5762-4686-9181-39f7b8a8186e,Air Force,Falcons,Raptor
6036c24e-5f17-4c14-bf1f-7e8a1e7562db,Albertus Magnus,Falcons,Raptor
0c889ad0-601b-44e8-b28a-e1a6bcf3e98c,Bentley,Falcons,Raptor
a9e4d292-d074-40e7-a81a-f9342929b979,Bowling Green,Falcons,Raptor
9450d129-d456-4833-9621-694d9b50b800,Concordia (WI),Falcons,Raptor
33d26837-88bb-4b5f-b776-a649d337f762,Fisher,Falcons,Raptor
47aa0776-c1e9-41bd-83bf-8ba2935ff75b,Fitchburg State,Falcons,Raptor
5622afcb-9e40-4b3f-9e90-098b0e75be98,Florida College,Falcons,Raptor
d9b04855-6c1c-427f-8f83-7797acf4fc6d,Messiah,Falcons,Raptor
35237895-b5c1-480c-9d34-15cfcec74012,Montevallo,Falcons,Raptor
a5601e58-eb49-4a67-95bd-28e56335d299,Notre Dame College,Falcons,Raptor
73f1a2bb-8533-4c77-af85-fdd59aaf57f1,Pfeiffer,Falcons,Raptor
4cf49c29-06ea-4fec-bf24-c70117dce161,Saint Augustine's,Falcons,Raptor
b0df3cd5-1446-4e90-95ed-605ac926679c,Seattle Pacific,Falcons,Raptor
61cebb5a-7d52-4486-a203-24b6ebe8faac,Texas of the Permian Basin,Falcons,Raptor
ed0434a6-706d-4f43-ab53-a842c7e9620a,UW-River Falls,Falcons,Raptor
0affc15f-641d-4211-970d-fb9fb8d36842,Delaware,Fightin Blue Hens,Bird
7f9291cf-8036-4781-9a70-8fdf8aaf22ca,Rose-Hulman Institute of Technology,Fightin' Engineers,Occupation
84212ed4-bc31-469b-ac46-41584e83deec,St. Ambrose,Fighting Bees,Invertibrate
6e5dfe2c-28cc-411f-b846-af8436093ab2,Campbell,Fighting Camels,Mammal
6d71970a-b856-4e44-8d0a-2f1ba4ba9b04,Fairmont State,Fighting Falcons,Raptor
de8fc8a7-253f-4597-8a48-a0104ef226ae,North Dakota,Fighting Hawks,Raptor
150148c2-ca8f-414f-8f41-d94a55d4a122,Illinois,Fighting Illini,Race
80962f09-8821-48b6-8cf0-0cf0eea56aa8,Notre Dame,Fighting Irish,Race
9931c307-713c-4669-81f8-e9c285fd67f9,Lynn,Fighting Knights,Hero
d63c9ebc-fb77-40c5-a4bf-77cfd8b64412,Florida Memorial,Fighting Lions,Cat
781946f3-ab72-4a72-a56e-3b6a471ebe47,Muskingum,Fighting Muskies,Mammal
00397626-c822-4979-87a1-9de439b7abdc,Southern Connecticut State,Fighting Owls,Raptor
12516ad1-4ea7-4a52-857b-0a8a1c4bfb06,Wilmington College,Fighting Quakers,Religious
a0d3b9ec-f430-448a-b172-b46cfa9a5d9b,St. Francis (IL),Fighting Saints,Religious
8596a191-63e1-494f-9ae9-4316c6e278a1,Edinboro,Fighting Scots,Race
265803f5-a3fd-4c90-a05e-944fdb21faf8,Gordon College,Fighting Scots,Race
3c627dc4-85d3-4c27-a4e8-58847a4fa39a,Ohio Valley,Fighting Scots,Race
c591ad4c-9b88-4d89-9cc9-74797701b521,Wooster,Fighting Scots,Race
44114d76-61a0-4ae5-9f34-959716ccaf8c,SUNY-Cobleskill,Fighting Tigers,Cat
cdc49932-9bb9-452c-9301-7ad914ee47ad,Allen,Fighting Yellow Jackets,Invertibrate
7a30b75c-f777-45cc-af25-f8efad56960f,Southeastern,Fire,Fire
a4306d7c-2113-496c-9688-98f82d2b120a,District of Columbia,Firebirds,Imaginary
0a50907c-0141-4d40-81e7-d1652b307838,Saint Katherine,Firebirds,Imaginary
971f47bd-934f-4390-9287-4e83702c4081,Arizona Christian,Firestorm,Fire
78434f3d-9b05-480c-b79f-4f228a0a155b,Bethesda,Flames,Fire
dfe0d93f-94a5-47fb-b7aa-f74786e09acb,Illinois-Chicago,Flames,Fire
522c98ac-be0f-49b5-98e2-42c99282c14d,Lee University,Flames,Fire
559db90c-741f-40d1-aa81-3fdd1d4889f3,Liberty,Flames,Fire
dd86b4dd-85cf-4be0-a3a4-338a69b69662,Welch,Flames,Fire
632616c5-2dbb-4017-a449-c9dfc303f026,Dayton,Flyers,Occupation
8a09a35c-fe21-46e7-aee2-a1f2f6b27fcb,Lewis,Flyers,Occupation
ec7366fb-d502-45ec-b54b-92866a71002d,Hope,Flying Dutchmen,Imaginary
b869f286-8afd-485a-8ddb-da4c6c000979,Lebanon Valley,Flying Dutchmen,Imaginary
347971a8-7d3a-4fae-831d-4c40edc3a0ce,Erskine,Flying Fleet,Imaginary
5be0bdb0-2ff8-41a9-b281-a952e61c28fd,Haverford,Fords,Thing
efeef6ad-9f8f-4fe3-88c1-246b9556c6bd,Lake Forest,Foresters,Occupation
7d3b9c72-cbdd-4b64-9aa3-a5bde9b75fdc,Providence,Friars,Religious
255c2a87-40c0-4989-bbb9-d286aac5d28e,Iona,Gaels,Race
b18f34af-a7f1-4659-a2e5-fc11a31cd316,Saint Mary's,Gaels,Race
13358462-e05b-4449-8688-90c4622cdde8,Jacksonville State,Gamecocks,Bird
1c7ec608-3b36-4cee-adac-9265e3792597,South Carolina,Gamecocks,Bird
93a5c6f1-a9f4-4b23-9bad-4b842e6b21dc,Swarthmore,Gamet,Nonsense
a3781019-b470-493a-a60c-71c5aafdb5f7,Allegheny (PA),Gators,Reptile
912f8837-1d81-4ef9-a576-a21f271d4c64,Florida,Gators,Reptile
317f6d50-f67b-459a-84ee-1660de0416a5,Pine Manor,Gators,Reptile
c697e35a-0348-4e26-adae-2b9c17fc2093,Sage College of Alabany,Gators,Reptile
719f0fc5-24c1-47e6-a46f-1d482da5132c,San Francisco State,Gators,Reptile
3b6293f3-03db-46d2-8793-248963c2d83b,UC Santa Barbara,Gauchos,Occupation
99a5f715-99bc-4fc7-a19a-138953d1db81,LSU-Alexandria,Generals,Occupation
0aec8243-aff5-4ac8-9f6a-e895a728cd68,Washington & Lee,Generals,Occupation
8a95e703-0b35-4590-8f6a-f5fe9079dae8,Centenary College of Louisiana,Gentlemen,Occupation
f44fe469-f49d-4f91-be6b-260269f35021,Evergreen State,Geoducks,Nonsense
5533c9c9-5bae-4abf-9b94-23af1d312557,Keystone,Giants,Imaginary
1491a76c-ef16-4afb-83e3-99eea399343e,Pacifica College,Gladiators,Hero
7cf3a95e-a7f5-4789-a76d-e652c4963f4a,Xavier University of Louisiana,Gold Rush,Color
aacdc78d-b7fa-48f6-9686-2fdb8a95030e,California,Golden Bears,Bear
48d69ada-5296-447c-81a7-a1f031fb912b,Concordia-St. Paul,Golden Bears,Bear
63216e40-4e40-42b8-8bd1-2f377246d1e1,Kutztown,Golden Bears,Bear
c41baefa-6cc5-4d8e-98b2-75b7d68e0283,Miles,Golden Bears,Bear
e05b4477-2af4-4d23-9978-8803d3bc012b,West Virginia Tech,Golden Bears,Bear
3f9b519d-6a6c-4668-8fca-d00db6826817,Western New England,Golden Bears,Bear
7e479784-7a96-4aef-8333-e0a1ff489dc7,Johnson C. Smith,Golden Bulls,Religious
350271fa-d620-4398-822c-72857291199f,Cal State Los Angeles,Golden Eagles,Raptor
a6e9d6a9-3fc3-40a7-bf65-0012a630c1cc,Charleston (WV),Golden Eagles,Raptor
88d5aa0f-3267-4e3a-909e-2875c572356d,Clarion,Golden Eagles,Raptor
e8bbe56a-2f7b-475b-ae45-d76be2c4058b,John Brown,Golden Eagles,Raptor
31ef0f96-be31-40fc-ad99-ee4773f6e98f,La Sierra,Golden Eagles,Raptor
06f7c904-0ac7-4125-b0f4-f4871bb69057,Marquette,Golden Eagles,Raptor
e32d19e4-3c73-4ee2-816a-f7571faef94f,Minnesota-Crookston,Golden Eagles,Raptor
095417ae-62b0-4109-afc4-d92918599dd4,Oral Roberts,Golden Eagles,Raptor
6120ac5d-e0f2-4b28-9e6f-ee71596a7e88,Southern Miss,Golden Eagles,Raptor
eefdbf95-7df7-471d-96c6-bb33adff0197,Spalding,Golden Eagles,Raptor
d9bffb8b-a266-4fa4-b1ff-d41cbec9f7ae,St. Joseph's (Long Island),Golden Eagles,Raptor
b73a28e1-dd51-43e7-a6a1-2a72ebd30bda,SUNY-Brockport,Golden Eagles,Raptor
fe037cba-25d9-42f5-a461-61d7102c17de,Tennessee Tech,Golden Eagles,Raptor
a4d6820e-efc1-432f-9a27-cdbdd8f96acb,Felician,Golden Falcons,Raptor
3da4798c-2d58-4dac-b66e-ad145a91b544,Kent State,Golden Flashes,Color
a284061a-1ee9-45a0-827d-9d522427eaf8,Nazareth (NY),Golden Flyers,Color
fa416692-7e09-4f0a-9bcf-0cf7d5149a14,Minnesota,Golden Gophers,Mammal
0113eea0-c943-4fff-9780-ae0fb099e7ef,Canisius,Golden Griffins,Imaginary
aeaaef0d-5238-414e-ac04-c55a22cba208,Oakland,Golden Grizzlies,Bear
2959bd24-7007-41ae-a3a3-abdf26888cfc,Tulsa,Golden Hurricane,Weather
9bebec23-9332-41be-8768-a1af19773cc6,Clarkson,Golden Knights,Hero
8eeff875-6bff-4b08-8b61-d17bd0407a7d,Gannon,Golden Knights,Hero
bf37e8a7-56e2-4015-b5de-741cd1a505ba,Saint Rose,Golden Knights,Hero
1394dd8a-040e-4509-9ee3-761d60eaf6c9,Arkansas-Pine Bluff,Golden Lions,Cat
8a08e891-a2ff-4eff-bacc-182782f75142,Dowling,Golden Lions,Cat
a8ac24ca-3b7a-4610-ad99-042661584c48,Florida International,Golden Panthers,Cat
0e2b4463-1f90-4eed-8283-0854c5480bb7,Albany State,Golden Rams,Mammal
8355249a-e885-4380-8183-efe14a60e65d,West Chester,Golden Rams,Mammal
09de5358-5161-4d4b-b7f3-fafae66b6026,Tuskegee,Golden Tigers,Cat
ab3b4290-f373-4397-a7b4-612b8646dd8b,Geneva,Golden Tornadoes,Weather
d04cc7ac-ff2e-4521-9dc3-820ace642ede,Alvernia,Golden Wolves,Predator
c19e7640-8485-48a5-bd64-7f9418de4a5d,Goucher,Gophers,Mammal
8507ec40-7fec-416d-bcdc-2792f44fc5fa,Pittsburg State,Gorillas,Mammal
ab1ef4ed-817d-48dc-b0b0-574021cadf2e,Webster,Gorloks,Imaginary
9e68ea3b-32c1-4a31-a118-9de6b2608eb0,New Jersey City,Gothic Knights,Hero
a0fdb660-a822-4337-b01d-31c4d2c99c8a,Austin Peay,Governors,Occupation
26265446-8f2c-45df-882a-387e0ac43e87,Lourdes,Gray Wolves,Predator
290a5130-836d-45e6-824f-28704d6ba246,Albany,Great Danes,Dog
d3a3215c-3fdf-4379-98f7-29c52118c650,St. Norbert,Green Knights,Imaginary
d8b10ab8-26b2-4770-901f-b95171581275,McDaniel,Green Terror,Imaginary
399ad7fb-de60-45a6-a71f-d26e00f1a4ec,Tulane,Green Wave,Color
edb2126a-0ecd-411b-ab4b-92d89346459d,Assumption,Greyhounds,Dog
bdef9520-7b5d-4c98-a2b3-e0dec9e4d280,Eastern New Mexico,Greyhounds,Dog
e8ca4d5e-b370-4cda-be1b-c8970089449e,Indianapolis,Greyhounds,Dog
175d34a7-3823-4e4f-9f11-2464f55360b8,Loyola (MD),Greyhounds,Dog
934f92c1-6741-4b75-b6e0-c2f281c2bb17,Moravian,Greyhounds,Dog
df17b4f9-8b24-448d-ab14-0839d7a1a39f,Chestnut Hill,Griffins,Imaginary
392e72af-ab50-43e3-a5a2-49faa08d9ca7,Fontbonne,Griffins,Imaginary
33c22c85-2691-4941-83d7-3d451b520e32,Gwynedd-Mercy,Griffins,Imaginary
be0d652a-d134-4635-ba26-2a56bdbf21b1,Seton Hill,Griffins,Imaginary
6b95f759-3c01-499a-933e-acb43c646949,Westminster (UT),Griffins,Imaginary
940e5f9c-1fce-4244-ae72-c1d7e2fdfaf8,Missouri Western State,Griffons,Imaginary
b4b87d2c-9af2-455b-adc1-4e484c078912,Adams State,Grizzlies,Bear
5a2400fb-565a-4bbf-a4df-52ad2adba171,Franklin,Grizzlies,Bear
e3848467-66c0-41e5-8283-02e3586d8601,Montana,Grizzlies,Bear
d40e270c-f0de-4396-af98-e1d3eef3ea4b,Sarah Lawrence,Gryphons,Imaginary
b92511d1-9917-4bd6-981d-41c4f9316a00,Endicott College,Gulls,Bird
56ded83b-e709-437f-9849-cea8189d1c72,Gustavus Adolphus,Gusties,Nonsense
0835a989-ef26-4b2c-b4b9-e8945ce5752a,Ave Maria,Gyrenes,Occupation
27febf39-6ca2-4dd1-909e-01dfcb817a08,South Dakota School of Mines and Technology,Hardrockers,Occupation
394d1b2b-7a19-4d43-b04a-5f366c24e5bf,Stetson,Hatters,Occupation
c10544de-e3bd-4776-ba2e-83df8c017fd1,Iowa,Hawkeyes,Race
b12ec9a7-d6dc-4ec5-abf7-0424b1545d81,Becker,Hawks,Raptor
c8ad808c-1b91-499a-89fe-48de91455568,Chowan,Hawks,Raptor
dba620d9-7282-4638-bf05-13caf48eeed1,Hartford,Hawks,Raptor
888fd4b9-62ba-455d-a7fe-bebad4585c20,Hartwick,Hawks,Raptor
55a6b6da-50e8-4408-9003-bf06290261a1,Hilbert,Hawks,Raptor
0204a5e6-1228-4ce6-bf3b-3169b46245c0,Holy Names,Hawks,Raptor
a541c7d5-0ee9-4281-9e02-38ca95cdae46,Hunter,Hawks,Raptor
c17df62d-0f90-4883-a0bb-4ed610347fbf,Huntingdon,Hawks,Raptor
d20216d8-161c-46e3-b8d2-92208ddf5acf,Maryland-Eastern Shore,Hawks,Raptor
3db7336c-c18a-441b-912e-e2a4408f12ea,Monmouth,Hawks,Raptor
e033de6e-06c8-4bf0-9470-1b1795becf56,Quincy,Hawks,Raptor
f7dea397-0b96-4e96-812f-e454226b5925,Rockhurst,Hawks,Raptor
ebd4ee27-42f3-4342-9bdf-7fd04cb2ccf5,Roger Williams,Hawks,Raptor
d652a7f2-7d9b-4a8c-a5d0-c01cdc7c9a85,Saint Anselm,Hawks,Raptor
f9e4261e-d11d-46c4-bd33-c7bbc94ef0e8,Saint Joseph's (PA),Hawks,Raptor
c2245a52-8d2e-4aaa-b42f-f22e0d629227,San Diego Christian,Hawks,Raptor
57e45de5-fdbe-4d13-b324-a46ce5a28ab8,Shorter,Hawks,Raptor
ca0ee702-8fe7-48b8-968b-c733f5c6883b,SUNY-New Paltz,Hawks,Raptor
fac4a71e-40a9-47a6-b8d9-61a50d3c6edc,Viterbo,Hawks,Raptor
cd1c24a2-6567-4b0e-86b2-eca938d472ad,Virginia-Wise,Highland Cavaliers,Hero
d4d5e8d6-70f9-4772-9468-ce5ccc12d4c9,Cairn,Highlanders,Race
753b148b-f960-4478-8342-3af676858648,Houghton,Highlanders,Race
fed0cd81-41e1-4741-9f81-c3497fbb567d,MacMurray,Highlanders,Race
500d7223-ecff-494b-9539-28427156c783,N.J.I.T.,Highlanders,Race
f2cf9ba2-ac8c-4d92-8e7a-48dd88e8f40b,Radford,Highlanders,Race
6b170a32-8445-4cb1-8638-724996c3094b,UC Riverside,Highlanders,Race
4e13c5c4-f37c-4030-b008-fa53dc0b394a,Rogers State,Hillcats,Cat
34da7058-d569-4aff-985c-132237885641,Ohio University Chillcothe,Hilltoppers,Occupation
411b9694-2c51-4136-8c91-a2052d51310b,St. Edwards,Hilltoppers,Occupation
bde07621-7b81-465c-a10d-02523d1dba1d,West Liberty,Hilltoppers,Occupation
881380da-861c-4ab6-a7d2-20699d8ea883,Western Kentucky,Hilltoppers,Occupation
324ccccc-575b-4b82-acb0-fbb8e68da13b,Virginia Tech,Hokies,Imaginary
c3f0a8ce-af67-497f-a750-3b859376b20a,Indiana,Hoosiers,Nonsense
f7fcbb6e-4a55-41ea-ba21-f763ed914467,TCU,Horned Frogs,Invertibrate
267d417a-8f85-4c87-a15a-068c089a74c6,Alabama State,Hornets,Invertibrate
e153c257-e240-4876-87d8-2dfbbfea0742,Concordia (AL),Hornets,Invertibrate
ffa04cde-aa2d-4e91-b2cd-bde2bfed44de,Delaware State,Hornets,Invertibrate
dcc09eae-db08-404b-8f81-7f7a4fd37529,Emporia State,Hornets,Invertibrate
2b1f7b2f-3c55-4251-bdb2-ba4ab3bf5563,Harris-Stowe State,Hornets,Invertibrate
754d1f4b-167f-4c4a-968c-4219f193e36c,Kalamazoo,Hornets,Invertibrate
5f58ee63-59de-41cf-9235-1664dc16ee1c,Lynchburg,Hornets,Invertibrate
8f935bd7-07a3-4d33-b85c-087a881ba3fa,Lyndon State,Hornets,Invertibrate
d34739b2-c731-49d1-a4ab-8fe3dd1cc5de,Morris College,Hornets,Invertibrate
1dc13b18-f9b3-4bb9-b1cf-979fcd8c2b6f,Sacramento State,Hornets,Invertibrate
f88486ed-2936-44ad-a1d6-b7338632be16,Shenandoah,Hornets,Invertibrate
8736b67f-5924-400b-bf94-3bd804c36600,Georgetown,Hoyas,Thing
52157a0a-d2cc-4554-a5f4-81f532cd0d46,Georgia Southwestern State,Hurricanes,Weather
7aec5187-cb1b-45e5-8f7d-406d766cdc73,Miami (FL),Hurricanes,Weather
46fe647e-2e09-41c4-b811-d22552dd183b,Bloomsburg,Huskies,Dog
efba5350-79bc-47aa-a189-db177b95b491,Connecticut,Huskies,Dog
95a27dc5-16d5-4745-9adb-34c41e1444e8,Houston Baptist,Huskies,Dog
3098d654-2a2d-4d39-adb6-97a1edd47684,Michigan Tech,Huskies,Dog
93df9b18-e9fc-42a7-bb45-a736c203b4dc,Northeastern,Huskies,Dog
3f0ac618-3742-471a-9d1f-03e08f3deca2,Northern Illinois,Huskies,Dog
da9ca542-d382-4c9b-a122-469439c330c1,Southern Maine,Huskies,Dog
46f08298-c453-4849-a511-4c17e37f9840,St. Cloud State,Huskies,Dog
e52c9644-717a-46f4-bf16-aeca000b3b44,Washington,Huskies,Dog
31ac98c4-4517-41f9-b113-ae604bea5678,Oregon Tech,Hustlin' Owls,Raptor
4de77449-41d9-478a-adc1-b9b861a8b1c0,Washburn,Ichabods,Name
c3fef573-62ea-457e-8b3e-922436168b67,Catawba,Indians,Race
482510f1-3015-4928-a332-1a33c223f4b6,Haskell,Indians,Race
fe21a988-3e96-4f3c-8f9f-b449ccda43b0,Texas A&M-CC,Islanders,Race
6ef40534-5fad-4755-84de-7dcbd645d1f0,South Dakota State,Jackrabbits,Mammal
f2a7be6c-1989-41a1-8b14-e544e7a725dc,Augusta (GA),Jaguars,Cat
081556b3-fc4a-4468-8d75-a97ac98dd9fe,Governors State University,Jaguars,Cat
90ec10eb-38a4-4a69-b072-ef71d294933b,IUPUI,Jaguars,Cat
10c614fa-9646-46cf-a1fb-5af96772bbb8,South Alabama,Jaguars,Cat
a3b13d27-ec14-4a7d-88a2-0bc9f7b58984,Southern University,Jaguars,Cat
7a270923-01d6-4a6f-a93e-e8786266d502,Manhattan,Jaspers,Cat
e4983e01-528b-4ba4-8e4a-ddf47e45422a,Texas A&M-Kingsville,Javelinas,Weapon
fae4855b-1b64-4b40-a632-9ed345e1e952,Kansas,Jayhawks,Raptor
cbc776ac-4d74-47f9-9490-1a3e0faf6764,Newman,Jets,Thing
d5b15075-9e7b-4bec-abf3-467760294886,Jamestown,Jimmies,Name
e103f062-b8cf-4589-82b4-a95545eee3cb,Saint John's (MN),Johnnies,Name
8a3fc446-599e-4971-8f73-e4f39116c8cd,Brandeis,Judges,Occupation
00075d99-c114-499a-a912-7f23e74b6e43,Tufts,Jumbos,Thing
f00ac154-25c6-4bf1-9c95-b34d289d1c55,Austin,Kangaroos,Mammal
820c8f26-cf11-4997-b2e2-19f47bd2f72f,UMKC,Kangaroos,Mammal
8daee60a-5108-4178-ac1f-d8fc823120b8,California Maritime Academy,Keelhaulers,Occupation
227d3567-d57b-417e-afc4-735e4cb308a1,Virginia Military,Keydets,Nonsense
cc595d13-4506-41a2-b3fd-15a43b50500e,California Lutheran,Kingsmen,Hero
b2fe8610-3a39-449d-a9b3-3ffe7f1a7b2e,Arcadia,Knights,Hero
427da272-8ce3-45db-ab29-c612dc74c1e0,Bellarmine,Knights,Hero
e6c79a6a-6062-4b72-aade-178f75b91f5a,Calvin,Knights,Hero
58198b15-6636-4289-89dd-bd5a2fdf7c51,Carleton,Knights,Hero
cb52cdfb-23b9-4fed-bbe8-f8df05821973,Central Penn College,Knights,Hero
b71d5a1b-2671-4e5a-b94b-06bfb22a27dd,Fairleigh Dickinson,Knights,Hero
2fb2c386-bcd7-453d-90ba-6eeac86daad2,Kentucky Christian,Knights,Hero
c3a808e6-2c5d-415f-9cd5-334148961392,Marian (IN),Knights,Hero
8c83466b-67ed-48b2-8aab-c81700a19803,Martin Luther,Knights,Hero
4c9479a1-7791-42bd-8471-b38654fd8d07,Middle Georgia State,Knights,Hero
c5a6f417-8853-4f28-b97c-0f75c2cf0139,Mount St. Mary (NY),Knights,Hero
6376ced6-b8fb-4a3a-9ddf-b593f95ddc6f,Neumann,Knights,Hero
cd542dc7-aaae-488e-ab86-3787b048e3e0,Queens (NY),Knights,Hero
f58d6a9a-992c-4e1c-aed9-97ce54907e07,Southern University at New Orleans,Knights,Hero
5150020f-f660-4dd5-b25b-dbaf9e17e9f2,Southern Virginia,Knights,Hero
2759ccf8-cd35-41f9-af62-b7c306465e8c,Southwestern Adventist,Knights,Hero
74f890b7-e5ec-4217-9359-4f7b8a55b67c,St. Andrews,Knights,Hero
2b4327ff-ba8f-44e7-8b1e-73440f583dbb,SUNY-Geneseo,Knights,Hero
054c3e85-0552-4549-b123-7e84af6e7b6c,UCF,Knights,Hero
c0e75776-d62a-4bd9-87ef-7632a8067e62,Wartburg,Knights,Hero
175100d4-62aa-4c5c-bd8c-1d6197760928,Coe College,Kohawks,Imaginary
de46a033-8750-4828-90cc-b25350d0fb15,Clayton State,Lakers,Occupation
a5d8593c-3061-4092-b8a4-f897bd7a3f22,Grand Valley State,Lakers,Occupation
7c58b6bb-f964-4d0e-888f-fc2dcda5760d,Lake Superior State,Lakers,Occupation
d6f7e93d-66ec-450d-8fd2-5571d36f7d7f,Mercyhurst,Lakers,Occupation
6ff70323-8df8-40ed-b98b-e5dd4a101493,Roosevelt,Lakers,Occupation
dc5d08f6-a989-4186-8587-2789071ea10c,Silver Lake College,Lakers,Occupation
310796f7-babe-4ed8-985a-ae2ebb8a6d98,SUNY-Oswego,Lakers,Occupation
a43197e1-de68-41cf-bd75-88c695738601,California Baptist,Lancers,Occupation
521ceae1-7a2b-4159-b4df-2a665a84c09e,Grace College,Lancers,Occupation
600aad0e-85e7-4db8-be0b-94ba02a08e55,Longwood,Lancers,Occupation
78e58b8a-dff7-48fa-bc6d-18f9b91c3345,Mount Marty,Lancers,Occupation
b8a61bb8-8015-43d6-af2e-537ae0c0f548,Worcester State,Lancers,Occupation
699960e9-85b6-44c5-a512-426733d46b6c,Lasell,Lasers,Thing
cc9e5424-ab3b-41ec-b2aa-7e8a73d759c6,Western Illinois,Leathernecks,Occupation
c15d371b-7d38-47d3-ae57-835141bf314e,La Verne,Leopards,Cat
6af02334-9ac3-452f-bcf4-20abdb72bd07,Lafayette,Leopards,Cat
dbc6c5f8-0392-4da1-9bdd-70edd1c5c20d,Wentworth Institute of Technology,Leopards,Cat
061bd1ef-b17b-459d-8038-c6b642673b38,Goldey-Beacom,Lightning,Weather
711d142f-f46e-4548-905a-a54ce08e45cd,Lehman,Lightning,Weather
ddc21650-499e-42bf-8bcf-54a7ca5f10ef,Albright,Lions,Cat
d60169cc-ecef-464d-87bb-9919b2e61173,Arkansas-Fort Smith,Lions,Cat
d0ea7e30-a15f-4c37-99ea-d316c4a12a7e,Bryan College,Lions,Cat
8494c962-2478-49e7-9f71-28fc7f540b2c,Bryn Athyn,Lions,Cat
ca74bd67-034c-4468-8487-6f983f5eb4f6,Columbia,Lions,Cat
4f150b08-46da-44b5-bd4a-1d3eda4f8702,Eastern Nazarene,Lions,Cat
cd2942e2-ac7a-4c00-95a8-a3e551486cd0,Emerson,Lions,Cat
13772eb0-5782-4cec-ad72-d4ae02e9c7e9,Emmanuel (GA),Lions,Cat
cc2ae2b8-6440-4f50-8e01-546cc90a1636,Finlandia,Lions,Cat
03f26763-0189-471a-a5da-bc025b1b10bd,Freed-Hardeman,Lions,Cat
dc99b5c2-680a-4cdf-8ce3-ec0b17e22f38,Georgian Court,Lions,Cat
c77380be-7809-4f26-a2c2-886ba2f633be,Langston,Lions,Cat
8ff611f3-908e-4076-ba00-0ddbd8aa1d0e,Lincoln (PA),Lions,Cat
1cb7d0f5-6529-4b71-80a5-a2bee1d505a8,Lindenwood,Lions,Cat
441a11b4-b506-45b3-8030-fe72a4381c40,Loyola Marymount,Lions,Cat
4073dbdc-b009-4162-b8da-3f95660ef115,Mars Hill,Lions,Cat
37812d0f-f35b-4098-a69c-64e541be3a04,Missouri Southern State,Lions,Cat
71f62597-8b2a-4188-a2bd-fe991d079d15,Molloy,Lions,Cat
a7b8ae59-3e91-48c3-9695-cdb4deaef767,Mount St. Joseph,Lions,Cat
f2057198-3fd9-4b04-a6bf-6ff57a77c118,Multnomah,Lions,Cat
61db8108-45f1-43e5-ade8-83278324bc7d,North Alabama,Lions,Cat
ef22b9ea-a2a7-4795-ad94-8b180277d96b,Paine,Lions,Cat
ae097d72-c56a-4d7b-93c0-18869e5dcb15,Penn State-Harrisburg,Lions,Cat
beeacf76-0424-4169-8062-347c1513493c,Piedmont,Lions,Cat
ab572b3c-6857-4a5b-944d-ffa82c1cc021,Saint Leo,Lions,Cat
55cd5bb4-b030-4a7a-9652-6cebaf81c574,Southeastern Louisiana,Lions,Cat
b8abcaa8-3487-4bb1-97e0-04344009d28c,Southwestern Assemblies of God ,Lions,Cat
f1f4f2a9-db49-4d80-91b9-65e7965082c9,Texas A&M-Commerce,Lions,Cat
540186b0-4c6c-401a-a0d1-5ab4737e09c9,The College of New Jersey,Lions,Cat
63b56295-03ae-4dbd-a8b8-1c95701bd065,Vanguard,Lions,Cat
269397d5-7ffa-4c99-b436-2fdf9b22aa16,Wabash,Little Giants,Imaginary
1b1977ec-b32f-4ce3-95a4-d07bab4816cd,New Mexico,Lobos,Predator
3a022fca-8dc5-4a6b-add9-6e66e473d73c,Sul Ross State University,Lobos,Predator
38541467-a359-446a-a531-5c2c8945bcf8,Puget Sound,Loggers,Occupation
6ed15092-2670-450a-99c2-61d861e87644,Texas,Longhorns,Mammal
0dc46a82-cedb-476b-a1ce-f1ceda1d2b99,Nebraska-Kearney,Lopers,Occupation
ff98f86e-31bc-4c08-9cbe-72b7fffe4c28,Kenyon,Lords,Occupation
e3dff2ea-da9a-47ff-8e43-2d58d4ec2b64,Humboldt State,Lumberjacks,Occupation
1753768d-e46e-40b1-8d69-a8ae5cccec03,Northern Arizona,Lumberjacks,Occupation
6e74507e-6247-43af-b404-099affaa299e,Northland College,LumberJacks,Occupation
5ef64f01-86ae-4553-9834-c79cc0859eaf,Stephen F. Austin,Lumberjacks,Occupation
af15accb-f23e-4c83-a23a-189141f199ed,Pacific Lutheran,Lutes,Thing
18639fcc-f66b-4694-bcf7-d81a8c320b6c,Lesley,Lynx,Cat
ae174fec-e14f-49dc-a432-e093301125ba,Rhodes,Lynx,Cat
0e3a9d4b-7a10-452f-8fb4-a88099614f5a,Wheaton College (MA),Lyons,Cat
b93daf9a-3d43-449f-8bb1-d6575d48d250,Yeshiva,Maccabees,Religious
3e93dccf-9fb4-4114-a3bb-f3cc1fda040a,LeMoyne-Owen,Magicians,Occupation
61f2371a-20f7-49cb-999d-53c4a48d7e4d,Millsaps,Majors,Occupation
60b3e7f0-364b-4cde-8bef-93ef01747ff9,Amherst,Mammoths,Mammal
170dca43-d296-4994-8613-4aad63826bcc,Goshen College,Maple Leafs,Thing
e3f78df8-9f29-4dba-85be-87dcb0eb9356,Central State,Marauders,Villian
d71e9982-95a1-4b71-8a26-be51f9cc239c,Mary,Marauders,Villian
64fdfa0a-8e9d-4e84-9689-339a306ad9d8,Millersville,Marauders,Villian
c1d519f9-8692-4597-a902-e359cfbfe0ad,Coastal Georgia,Mariners,Occupation
a80df6f2-77d4-4eff-b957-d7b8ab1b48dc,Maine Maritime Academy,Mariners,Occupation
4c44ea99-f0a1-4753-8e55-281903394d04,Mitchell,Mariners,Occupation
0abbe30c-ba8b-4cba-869d-981aa663250e,United States Merchant Marine Academy,Mariners,Occupation
adf067cd-040d-4c23-8591-8a2ba119ae0d,Virginia Wesleyan,Marlins,Fish
7756645d-e639-4f04-b891-4831f2c6acb5,Morehouse,Maroon Tigers,Cat
1f71afb9-09bf-4371-9191-85159962379a,Roanoke,Maroons,Color
296e63ca-f7b5-4357-ac5c-28b2857b9c8c,University of Chicago,Maroons,Color
22984593-0701-4648-b8a8-f6d695238620,Purdue Fort Wayne,Mastodons,Mammal
cb732075-23a5-4e71-9037-50a7a002bdb2,Cal State Northridge,Matadors,Occupation
50d6a2d2-81df-4386-af93-728e011f5820,Colorado Mesa,Mavericks,Hero
a9ec0b6d-abde-48c0-8557-d62b258bc55b,Medaille,Mavericks,Hero
94a58f6c-25f4-4cca-bb08-cebdd10ef842,Mercy,Mavericks,Hero
a279b561-5c25-4910-85c5-3396a0ac418f,Minnesota State-Mankato,Mavericks,Hero
68d2aa5b-714f-4652-96f3-b71e1752413f,Nebraska-Omaha,Mavericks,Hero
7c2b372b-b5f0-466e-90cf-880beec57584,Texas-Arlington,Mavericks,Hero
10f450ce-143b-4e46-8bfe-52c644b68b07,North Texas,Mean Green,Color
3b088563-ca8a-49a6-9e19-5e4cb186ae1d,Navy,Midshipmen,Occupation
56fe06b5-c46b-4dcd-8264-432d9d9d2b8e,College of Faith,Mighty Believers,Religious
65031344-61a4-4cc3-ab5b-a0f710efd53a,Immaculata,Mighty Macs,Name
24254798-4591-4810-a298-97e08d05212a,Oakland City,Mighty Oaks,Thing
6f92e00e-3afa-43fe-bfd3-232dca131da8,Missouri S&T,Miners,Occupation
06d15d35-4955-4fdd-83d9-32d24dbd795b,UTEP,Miners,Occupation
88104678-e53b-43b3-82f7-efb3a11cedb9,Massachusetts,Minutemen,Hero
e8b86908-ebcf-4fb8-8746-b50b445a9a8e,Florida Southern,Moccasins,Thing
4c9fb59b-6cec-4b0d-bb0f-628b391d138c,Chattanooga,Mocs,Fish
c76bb4fe-d4a0-4e04-9faa-02c4a9a7ab09,King's College,Monarchs,Occupation
a19a8c72-6374-4844-8208-0b2e0a04cbf2,Methodist University,Monarchs,Occupation
ce967953-5c50-4220-87b2-99acb9606e84,Old Dominion,Monarchs,Occupation
33546aae-c611-4831-8f41-92f6e20000ca,Saint Joseph's College of Maine,Monks,Religious
3ab6c233-e223-442f-875f-e8d0ceb34df9,Southwestern (KS),Moundbuilders,Occupation
c150afa6-0cbd-449b-9db3-531fe0050cc4,Pitt-Johnstown,Mountain Cats,Cat
508f503f-dc57-4f4c-a01e-4f195e5c05c8,Lehigh,Mountain Hawks,Raptor
677251bc-f313-4986-b0e4-2a740e4b1b14,Concord (WV),Mountain Lions,Cat
d93e3790-20a1-4ddb-9511-60dc3d6b2d8f,UC-Colorado Springs,Mountain Lions,Cat
95e578e8-08ca-4b78-8125-498cbdf76360,Young Harris,Mountain Lions,Cat
87d88c93-29bc-4306-b0a6-87c6f6e80da1,Appalachian State,Mountaineers,Occupation
fa7e2d3a-20e7-41eb-81aa-2fc759b4f623,Berea,Mountaineers,Occupation
b8443227-df64-444f-8481-5fa08c125ee6,Blackburn,Mountaineers,Occupation
9e99d5a6-3522-4ab1-8c69-1350227496b8,Eastern Oregon,Mountaineers,Occupation
76d40d91-b95c-49f7-adff-976bc64aeb5d,Mansfield,Mountaineers,Occupation
5fe4a398-1699-4442-a364-305b2f0ac01e,Mount St. Mary's,Mountaineers,Occupation
e57bd0ba-2f36-48a8-ab40-c262edb4d857,Schreiner,Mountaineers,Occupation
5a5bcd22-b02c-4905-b8ab-14ffa0e6f262,Southern Vermont,Mountaineers,Occupation
f770d3a2-221c-49ce-9c7a-680f7417fe9e,West Virginia,Mountaineers,Occupation
d3c76c8a-2b67-47b8-aed4-53697a6c2d7c,Western Colorado University,Mountaineers,Occupation
b3791f6d-e482-4221-8050-d755800b9d47,Mount Aloysius,Mounties,Occupation
75c7c5f3-fcf8-4393-b641-ecd89d495391,Southern Arkansas,Muleriders,Occupation
484588b4-97fb-4262-8635-ec525f2228f5,Central Missouri,Mules,Mammal
f218d039-2c53-4f10-8241-53cfd8f0a288,Colby,Mules,Mammal
2934101c-d51f-468f-88ae-02932218eb8b,Muhlenberg,Mules,Mammal
0d8a328f-20ce-410b-bed1-15fc01308aaf,Xavier,Musketeers,Occupation
acaba3a4-478a-43dc-b2c5-3984b61cb5be,Lakeland,Muskies,Nonsense
45439cdb-af7a-4743-936c-dccc76b30877,Cal Poly,Mustangs,Mammal
751973da-43b0-4778-b525-8bae830d4da4,Central Baptist College,Mustangs,Mammal
8f231e8c-116a-4caa-9f0e-0441b45333b3,Marygrove,Mustangs,Mammal
6e8f97e0-911d-4fd1-b9da-7fd57ab26729,Master's,Mustangs,Mammal
6cf9d333-4085-4bb9-90fc-52d7ee3b7dee,Mid-Atlantic Christian,Mustangs,Mammal
532d3b55-43d2-4665-817a-d9703c39754c,Midwestern State,Mustangs,Mammal
bac89a23-ae88-4131-be7d-13df2f31ffa0,Mount Ida,Mustangs,Mammal
42348211-a433-42be-a316-043f1bfbb3df,Mount Mercy,Mustangs,Mammal
3f4515ea-4472-46b9-ac9e-16d7d8f22a38,SMU,Mustangs,Mammal
63acbeee-b877-4f77-80d3-3ec4d8dbb206,Southwest Minnesota State,Mustangs,Mammal
8cf95556-1f18-41a8-98d4-3d2d9d017b1e,Stevenson,Mustangs,Mammal
d4242a09-e41a-4f55-942e-7ae7f0c4aff7,SUNY-Morrisville,Mustangs,Mammal
4cf221b6-dd88-4e00-aa34-d23907b044c5,University of the Southwest,Mustangs,Mammal
c090ebc7-3d90-4487-b557-ee5efed455b9,Western New Mexico,Mustangs,Mammal
d26868a3-70c4-4bff-98da-c615d8aa30ea,Alaska-Fairbanks,Nanooks,Race
59d61883-4694-4e6d-be1e-256aab3015c3,Thomas (GA),Night Hawks,Raptor
1f3228c3-398e-4f38-a854-fffbbd12aae9,Newbury,Nighthawks,Raptor
f48fc270-728c-4373-bb6a-515911718629,North Georgia,Nighthawks,Raptor
32aacad6-b853-415a-a053-69989dd4c9e7,Northwest Nazarene,Nighthawks,Raptor
4aebd148-8119-4875-954c-66779867989b,Penn State,Nittany Lions,Cat
d19dfe3c-02dc-4e22-98d5-0d0d1a581fc8,Penn State Beaver,Nittany Lions,Cat
4a9523e6-20cf-4759-9b1c-00fdf5951194,Penn State Mont Alto,Nittany Lions,Cat
4df409b1-3d99-4350-8466-295eb526aad8,Penn State Wilkes-Barre,Nittany Lions,Cat
c72892da-3a32-4d71-9759-b7e0bdf40620,Penn State-Abington,Nittany Lions,Cat
68979937-3b4a-4df5-bb22-d061754087bf,Penn State-Altoona,Nittany Lions,Cat
800bd876-b8e3-4652-941e-6476e1185562,Penn State-Berks,Nittany Lions,Cat
b111d6ad-b61f-4d2a-9b94-8fcde82af40c,Penn State-Brandywine,Nittany Lions,Cat
9c03d32c-073b-4485-a497-875cbc3308ba,University of New England,Nor'easters,Weather
0c24378c-5af7-4575-8c18-726e9571d1d9,Luther College,Norse,Race
ab9a1315-293f-42d3-a164-860216e81576,Northern Kentucky,Norse,Race
ca0d8ae2-8977-45a4-bb39-4087e51ac894,Menlo,Oaks,Thing
a5e95e87-26a9-4687-8f75-0dc9fad878d9,Findlay,Oilers,Occupation
b794fe4c-6624-4812-82ea-204f531d31cf,St. Olaf,Oles,Race
8cd24de1-2be8-4b77-bcfa-47be0495a5f4,Syracuse,Orange,Color
5d335fb9-b3b0-428e-a0c4-db03d6c6b07f,Colorado School of Mines,Orediggers,Occupation
ff696a32-55b6-4508-997f-0838fb421d4b,Montana Tech,Orediggers,Occupation
09920a5f-1b25-466c-b5ae-6167214f5ba9,North Florida,Ospreys,Raptor
2f31fa67-63ae-4340-8ad1-eed75c178189,Stockton,Ospreys,Raptor
ec0dc0b5-d8e2-4d7d-b488-11fb9b9a68d5,Cal State Monterey Bay,Otters,Mammal
c851131a-5ecd-4670-81bc-b40f4837dd65,Florida Atlantic,Owls,Raptor
08f745b5-b27f-40c3-8922-c64f2ad690c8,Keene State,Owls,Raptor
2e8442e9-bd09-4d46-9dd3-de79433287f3,Kennesaw State,Owls,Raptor
e269bcec-4793-4824-8a51-6399afeb60b8,Maine-Presque Isle,Owls,Raptor
bb384635-c3a0-459a-8f13-fcd7177313e5,Rice,Owls,Raptor
8598d1b6-106b-4083-a512-2e495729525a,Temple,Owls,Raptor
71bae78c-9390-4c60-a108-d34d85ff3d78,Warren Wilson,Owls,Raptor
483b9500-7c7f-4e39-bb75-6ed822082f68,Westfield State,Owls,Raptor
dc3bc3bd-c463-4726-a099-e624e239f47b,William Woods,Owls,Raptor
71731cd5-6792-4516-b8de-3783c6759c06,Marywood,Pacers,Occupation
ad588358-fc4d-46cd-b2d7-a105590e5139,USC-Aiken,Pacers,Occupation
cbe783d2-0d4f-4580-883f-8170c3c10abc,William Peace,Pacers,Occupation
ca5318f2-48eb-4f6b-896a-966b900aa42f,Furman,Paladins,Hero
450e809d-b4a5-4998-ab8c-8ee2fc017572,Adelphi,Panthers,Cat
b7e611b4-8bc5-4fad-8e93-2e2b3f243799,Birmingham-Southern,Panthers,Cat
c71c0b07-d589-4899-a7bc-15cec44de82d,Chapman,Panthers,Cat
8ed51ca9-761e-4347-a0cb-10532eb7516c,Claflin,Panthers,Cat
b3a36a52-2716-41dc-a9d6-e72acb68a87f,Clark Atlanta,Panthers,Cat
19fbde24-f7dd-40bd-84f1-72b51fb2b207,Davenport,Panthers,Cat
3cddbf4b-f11c-4d22-9814-f3f9cf5df040,Drury,Panthers,Cat
23fec4e7-108f-4569-85d1-bef2f794e925,Eastern Illinois,Panthers,Cat
dc884a91-1b83-4104-aa9b-ed8605196763,Ferrum,Panthers,Cat
4a320e7a-4422-4126-a72e-58e28bcfb594,Florida Institute of Technology,Panthers,Cat
94ea835b-8ce9-4de2-a5b1-971548fea974,Georgia State,Panthers,Cat
5c84474e-9007-4c49-8563-23e1f368c029,Greenville,Panthers,Cat
303e9357-cdab-40eb-812f-b02fb16014e8,Hanover,Panthers,Cat
a311188e-1259-4fda-b0ea-c47cb52694b1,High Point,Panthers,Cat
6af5601a-5589-40de-ab53-a7e57e9d187e,Kentucky Wesleyan,Panthers,Cat
75dde968-9317-44db-bfc1-50528f525af8,LaGrange,Panthers,Cat
eeb9e43b-095e-44e4-8c8e-7cc578637f4e,Middlebury,Panthers,Cat
5d77800f-1ae6-4b66-8e97-b0dbb8bbc717,Milwaukee,Panthers,Cat
2c93a75d-5449-4ec1-9ca2-1e6c812399a4,Northern Iowa,Panthers,Cat
0b1321b5-4a35-4910-a540-d861a3fbaaa2,Ohio Dominican,Panthers,Cat
24051034-96bb-4f78-a3a6-312f3258780f,Pittsburgh,Panthers,Cat
b740601b-3109-4165-9021-93b287a06e56,Pittsburgh-Bradford,Panthers,Cat
90d8c1d4-8482-496e-8b6f-0aee72ca1901,Plymouth State,Panthers,Cat
91ec9ba2-12e5-4a75-9410-a166c82163fd,Prairie View A&M,Panthers,Cat
5150389f-83cf-4cfa-bc3c-9a1fccd7d5bb,Principia,Panthers,Cat
06ddae19-2725-4ece-82e2-0265e8244bd8,Purdue North Central,Panthers,Cat
015e31d3-4f48-4d12-bcd9-f1b93ca49955,SUNY-Old Westbury,Panthers,Cat
d85a6d6e-557c-489c-afa0-b8aff8039388,SUNY-Purchase,Panthers,Cat
dc60cda9-152d-40ee-8ca2-461a59aac42e,Virginia Union,Panthers,Cat
34309039-b4f3-4afc-96a3-844ec0e9a150,York College (NE),Panthers,Cat
2adafff6-1187-421c-85ce-6c9f60e4a412,Arlington Baptist,Patriots,Hero
cb6eed4f-d663-40cd-a094-b8a0ae0ad457,Dallas Baptist,Patriots,Hero
44f1f089-49db-405b-91e4-e1dbe8557af8,Francis Marion,Patriots,Hero
e76479d0-a768-46d2-89bf-7b9dae12bec8,George Mason,Patriots,Hero
c893e13b-c0d1-4b27-b9de-e3785eb3f08c,Saint Catharine,Patriots,Hero
c3cffa83-da95-4d23-82e0-da3e77af07d4,Texas-Tyler,Patriots,Hero
1afc7dda-f6cb-4daa-8e98-14e29d3361c7,University of the Cumberlands,Patriots,Hero
e5ca4edb-46bd-4aec-a3b9-6d5e594c5697,Valley Forge,Patriots,Hero
e66d7ed2-9b4c-48c8-adaa-a276793b057d,St. Peter's,Peacocks,Bird
4e080b8f-dd17-4e4c-8afd-ff09f62a36f4,Upper Iowa,Peacocks,Bird
6fc04b89-7d90-4567-9f8f-ec63413adb5c,Dominican (CA),Penguins,Bird
da7d41bc-48b0-4a04-948f-792d6470bcb5,Youngstown State,Penguins,Bird
c0125bd7-4cac-4adb-a349-f0ad2957f117,Southern New Hampshire,Penmen,Occupation
45c8e873-4049-4923-98a4-f766c7b5d518,Purdue-Calumet,Peregrines,Raptor
4dc40b57-454e-43b9-94c2-237d55f9b810,East-West,Phantoms,Imaginary
7337246a-e264-43e6-8d60-ecd64ccbbdb3,Cumberland,Phoenix,Imaginary
8accb91e-6086-41b3-a420-7a82fa442365,Elon,Phoenix,Imaginary
61a3e5ab-1be3-4694-b83f-edae0953f409,Green Bay,Phoenix,Imaginary
4e272a89-c1a3-497e-9ba3-3419ab8d5a1b,Wilson College,Phoenix,Imaginary
d289f158-1432-4dc6-8c82-72e604397670,New England College,Pilgrims,Religious
bd08f76d-3586-48a2-97f9-494ca50a93bc,LSU-Shreveport,Pilots,Occupation
224e3b21-30e7-4a05-9e8c-62721d581db8,Portland,Pilots,Occupation
fd6630d9-5993-4a2b-9833-a42e6e95003f,Alfred State,Pioneers,Occupation
3c9c469c-166f-4dcc-806c-5d4a31d7c68b,Cal State East Bay,Pioneers,Occupation
02345eb9-071d-4621-a259-a55833bf4391,Carroll,Pioneers,Occupation
73399a24-e05f-4d0f-bc99-f633324a31eb,Crowley's Ridge,Pioneers,Occupation
6f676cba-c1f9-45a4-9016-fb408fd525b1,Denver,Pioneers,Occupation
d467fa4e-f805-4ef0-a610-00aa2796f3a2,Glenville State,Pioneers,Occupation
66d1128b-dc32-4f3b-8410-16fe5553f905,Lewis & Clark,Pioneers,Occupation
cc810ee6-8b36-4b9f-8ccf-7e294d31fcec,LIU-Post,Pioneers,Occupation
aae421a0-92fc-451d-8045-ad56cbad2a12,Malone,Pioneers,Occupation
5b4b4d38-e351-401c-b9b8-991d14d75f50,Marietta,Pioneers,Occupation
b471a03d-7516-43d2-b073-d3b260242e54,Pacific Union College,Pioneers,Occupation
de2358b1-7905-486a-b159-220ab3bd4000,Point Park,Pioneers,Occupation
3556d445-b3f1-467e-b150-952b32dfb150,Sacred Heart,Pioneers,Occupation
8450fdb4-c45f-44cf-8cfc-e7100f408c37,Transylvania,Pioneers,Occupation
3a4b7851-97fb-40a0-b8a6-d9dc77605a63,Tusculum,Pioneers,Occupation
484dfa62-cc8c-46ac-a4ca-2e2b48391ddd,University of Antelope Valley,Pioneers,Occupation
dd9920a2-f798-4ea4-81e1-d0bccc711c46,Utica,Pioneers,Occupation
3ab739f4-fe46-4d27-beb5-6f7456d87553,UW-Platteville,Pioneers,Occupation
ff5a3a25-3db2-4fb1-b508-b4d2fedf1735,Wayland Baptist,Pioneers,Occupation
7c3102c5-1866-4e36-9b23-de96e8f86186,William Paterson,Pioneers,Occupation
3725b9c9-e285-4815-9609-7bab766b6451,Hamline,Pipers,Occupation
a601205f-3bfe-4052-ac0b-b8f18cf3efd3,East Carolina,Pirates,Villian
161354af-1f3e-4d58-88f7-e016ec74b7b6,Hampton,Pirates,Villian
aef5e386-d8e8-460c-8014-3a2f090fd988,Seton Hall,Pirates,Villian
8b546cac-76bb-46a3-ae9e-fe2b0f79d566,Southwestern (TX),Pirates,Villian
ae44bb22-e830-4e49-a5b4-525505807672,Whitworth,Pirates,Villian
0e7bc3d6-94b9-4e70-9cd5-ef99cc33881e,Whittier,Poets,Occupation
3d36d4f6-8c48-43e0-8f27-a3c6f39163a9,UW-Stevens Point,Pointers,Dog
4e74c656-3ce0-4272-83dc-3b9f9a3e48aa,Bowdoin,Polar Bears,Bear
b5a030ee-4a45-49bf-8dbb-51d68c438d7d,Ohio Northern,Polar Bears,Bear
3e057546-68a3-439a-8e0d-5ca2dc4d0089,Illinois at Springfield,Prairie Stars,Weather
fadda8da-c5a1-4869-85bf-a76ce08fc70e,Knox,Prarie Fire,Fire
c7931e59-6074-444b-88af-94f50b7af5c1,Nebraska Wesleyan,Prarie Wolves,Predator
4d75063a-fe11-4099-a28b-e4b9613b1bbe,Washington & Jefferson,Presidents,Occupation
f7fb068f-7056-4bd7-96f5-3f154f13d6d6,Greensboro,Pride,Thing
36ca2008-cd2e-4549-8b3b-c745167e07f3,Hofstra,Pride,Thing
7e354ae9-fcf5-4761-850f-e99255e5f2e1,Purdue University Northwest,Pride,Thing
46e23615-db13-4ec6-84b3-d1c21823bcd9,Regis College,Pride,Thing
98a0ef9f-2c50-4139-92ce-3e074737f76c,Springfield,Pride,Thing
8a0ce280-df9d-4eab-9528-3dbecf2b7256,Widener,Pride,Thing
e7ff6d5c-07e9-42af-955d-0a0b8c1e2288,New Orleans,Privateers,Villian
75006183-572a-4708-a3f7-ccfe798f6e88,SUNY-Maritime,Privateers,Villian
1758af09-5542-4608-a0fe-8a6868d78977,Rowan,Profs,Occupation
0b44cf5d-0b4d-423a-ae0b-7e2a42aa5106,Saint Joseph's (IN),Pumas,Cat
d8217105-e9c2-4267-9538-3aaeea1ae167,Evansville,Purple Aces,Color
f7575278-12ec-494a-b544-427c1759d43d,Niagara,Purple Eagles,Raptor
cc909fe4-33b7-4b83-bc31-cb14cbda12ed,Bridgeport,Purple Knights,Hero
46601de3-8384-4150-bc8f-c6eb9a3b6556,Saint Michael's,Purple Knights,Hero
56a3e79c-180d-4828-bc99-06f7aa9a618e,Earlham,Quakers,Religious
24590eb9-6fc5-4c63-8dc1-dfc8c2e93262,Guilford,Quakers,Religious
e6c94452-1adf-4fb9-90e5-10f165c57c5a,Pennsylvania,Quakers,Religious
77a69fb0-1355-4342-ac09-b4cc7949d95e,Murray State,Racers,Occupation
2ea29e9c-fd81-4720-86a2-eccc6a14ab51,Northwestern Ohio,Racers,Occupation
63cad858-8654-4956-8438-8fe79cd1208a,Louisiana-Lafayette,Ragin' Cajuns,Race
80a19b57-d6ab-4bee-934f-33a72c2e958a,Colgate,Raiders,Villian
90293d9d-77ce-475f-b4a5-700cc20b7842,Milwaukee School of Engineering,Raiders,Villian
b2f45101-01af-4fb1-8313-e96298313d34,Rivier,Raiders,Villian
b7e4d0e3-9c60-4082-94be-388fc6adbe4d,Rutgers-Newark,Raiders,Villian
411b295e-d2b8-4fea-b74a-172ffed9614b,Shippensburg,Raiders,Villian
4394d246-3c71-4556-9b62-fdd9ed731b72,Southern Oregon,Raiders,Villian
9c396fa7-c165-4599-8542-158bd0d9a199,Wright State,Raiders,Villian
76139b0b-c658-406a-84e9-df77bcc71cfd,Lincoln Memorial,Railsplitters,Occupation
61a3908a-7492-4b6f-809e-12c61976bb0a,Loyola (IL),Ramblers,Occupation
173bd350-3cbc-4813-aab3-377f0b94c7f7,Angelo State,Rams,Mammal
e0f237b4-c832-4123-b750-e962e9acf25f,Bluefield,Rams,Mammal
1a470730-f328-4fb1-8bbf-36a069e4d6b2,Colorado State,Rams,Mammal
de1e599a-32df-4e8c-916f-9ac20912009c,Columbia International,Rams,Mammal
c1ae5e41-ec5f-454e-ab73-ad6b6ddb7835,Cornell College,Rams,Mammal
09d9f6da-5132-47ad-b494-77c8ffd8d8db,Farmingdale State,Rams,Mammal
7888d144-563d-4f84-b99b-d120aecf1fef,Fordham,Rams,Mammal
006081fb-2387-49d3-8578-f7b873ca0795,Framingham State,Rams,Mammal
851f6290-2c12-4426-80d9-3658e8edff7d,Grinnell,Rams,Mammal
38fa68fb-ac54-4e62-84cb-c3dafc34fe09,Huston-Tillotson,Rams,Mammal
778ef9d5-039f-4f00-bbb4-38661ca4f56f,Jefferson,Rams,Mammal
ac0462ad-cc5b-4a09-92e7-f6d587422e5d,Mobile,Rams,Mammal
f570e040-e00c-4396-a1be-612f6ce3907c,North Central University,Rams,Mammal
6eebc2cf-8df7-4cc3-9468-a58408c67f69,Ohio Mid-Western ,Rams,Mammal
7e42bca2-3cd7-4aca-aa46-f190fe5d8eb4,Rhode Island,Rams,Mammal
358a140d-ac17-440a-85e7-0a4ecfc381e2,Ryerson,Rams,Mammal
698851de-82dd-4869-9bf5-32b49d3ef05b,Shepherd,Rams,Mammal
9cb6eb0e-0d47-46a2-a4dd-dd2d59aae34f,Suffolk,Rams,Mammal
b75b21f8-59fb-4764-b871-23d641510bea,Texas Wesleyan,Rams,Mammal
c1c1e6df-a383-4fbd-ba7b-32d4f9ef9518,Virginia Commonwealth,Rams,Mammal
1259033d-6edc-405c-9d23-28d88e8a9976,Winston-Salem State,Rams,Mammal
101adc3a-d062-42de-b03d-5ec8fe5389aa,Drew,Rangers,Occupation
0eeab71d-0497-4ab3-82f9-e682598754f0,Northwestern Oklahoma State,Rangers,Occupation
0ab1ac75-29a2-4ddd-9c59-d8ea100d4300,Regis University,Rangers,Occupation
d9f4d7e2-1c6c-4a9f-86fe-394bf7142a65,UW-Parkside,Rangers,Occupation
95dca435-c125-4319-8125-2a4097171e0a,Bard,Raptors,Raptor
cec2527e-5e1e-4817-a628-35666ef13b6e,Florida A&M,Rattlers,Reptile
d2e61c2b-5bf5-4726-9a9a-e7ef5afc8502,St. Mary's (TX),Rattlers,Reptile
1ce5a922-4842-43b9-abf8-a2703b3315be,Anderson (IN),Ravens,Bird
61ddbb7b-821a-4338-95e0-f1200d947745,Franklin Pierce,Ravens,Bird
0fedcf2a-f8ba-426a-8db3-8c3814f257bd,Rosemont,Ravens,Bird
c70c23c4-ab09-4797-a1af-792c848ab17f,Arkansas,Razorbacks,Mammal
d7d668ec-edaa-4d6b-be25-2ebba4128643,Ole Miss,Rebels,Villian
68a3227f-677f-43b0-9a3a-cad79d0df9e2,UNLV,Rebels,Villian
25e0cca2-0453-4d80-9466-85fd49c1da78,Dickinson College,Red Devils,Villian
4419aaba-ee5d-4ffa-872e-c40d13362f56,Eureka,Red Devils,Villian
6b4f091c-317a-44c6-beda-ce341f21968c,SUNY-Cortland,Red Dragons,Imaginary
68dafd12-1f99-46e7-8eeb-8a5d3b18beb6,SUNY-Oneonta,Red Dragons,Imaginary
6637ac5f-59c2-4888-af34-a86d138ccfb3,St. Francis (PA),Red Flash,Color
15d31915-fbd6-4ae3-8e4b-f3b563c56a18,Marist,Red Foxes,Predator
fa124d89-5e0f-4341-90d2-5fd277d87fa9,La Roche,Red Hawks,Raptor
172a1afa-c7e8-4db2-a45d-0259138496e3,Montclair State,Red Hawks,Raptor
9403eb7b-1c85-48ea-a818-17867d2dabc8,Ripon,Red Hawks,Raptor
5b0170ba-67e8-46f4-97aa-fb3601731ae1,Simpson University,Red Hawks,Raptor
bf6b9db6-ca43-4cc3-99f1-cc4641cdc7c0,Lincoln Christian University,Red Lions,Cat
14b4b4a1-31d4-4f58-b722-026e9a53b956,Carthage,Red Men,Race
f8c705b7-87d3-411a-9c8b-5124daab0469,Texas Tech,Red Raiders,Villian
6bbd35c9-6e6c-41d0-9143-194cf3dc368b,Rio Grande,Red Storm,Weather
c1f4aae1-aa16-4095-aeab-10e5c2a1236a,St. John's,Red Storm,Weather
95826e36-ea33-4b51-83a8-7b4cc20999ee,Arkansas State,Red Wolves,Predator
509aacc4-c121-46a2-800a-d5431ef181d2,Illinois State,Redbirds,Bird
e97e4fb3-819b-4e42-9cbe-560a4177b144,Henderson State,Reddies,Color
94888161-290a-41b5-ab85-8135a1ba6fa7,Benedictine at Mesa,Redhawks,Raptor
d12ead25-780e-4ff9-9d7f-44e196268811,Indiana-Northwest,Redhawks,Raptor
1f656245-6e13-456c-8722-40a83cb22b52,Martin Methodist,Redhawks,Raptor
1165ca31-f181-4206-b727-c4e897e4b5cd,Miami (OH),RedHawks,Raptor
4f5e1a5f-b01b-46b0-bb5e-046d672e96aa,Roberts Wesleyan,Redhawks,Raptor
7e100f63-0b32-49f6-a954-f5b7c8cf48ad,Seattle,Redhawks,Raptor
6a7083ab-1832-48c0-9168-427b35adbcde,Southeast Missouri State,Redhawks,Raptor
bcb07ee4-16d2-4185-aadd-89087e59a551,McGill University,Redmen,Race
3572adb4-ffa8-4eb7-a74d-c154831ab1ef,Rockford,Regents,Occupation
32755362-6336-4dd3-ac34-6f72a6cc150b,UMBC,Retrievers,Dog
4927ef8b-e680-4fb8-b10e-2ea3eff32eab,Massachusetts-Lowell,River Hawks,Raptor
d558f75e-5112-449b-bc6e-0d93308c465c,Susquehanna,River Hawks,Raptor
ab0217f5-073b-46af-bc80-b27ef919ad4b,Northeastern State,Riverhawks,Raptor
2da57857-b038-4ad3-8199-e3fb339f57d2,Cal State Bakersfield,Roadrunners,Bird
b419f710-f458-46b7-aaa3-d14658a74440,Dalton State,Roadrunners,Bird
25f19888-8811-4f03-908a-bdf6f7790f81,Metropolitan State,Roadrunners,Bird
def939b1-4df9-4c3e-ace6-9530cc7800a1,Ramapo,Roadrunners,Bird
953151f2-1e42-4cb0-a99e-202493a64dcf,UTSA,Roadrunners,Bird
34dd83ac-64f2-4b73-8577-899b2a46f5cc,Toledo,Rockets,Thing
ca07551a-44cd-45f3-bdd5-36780ab70eeb,SUNY-Canton,Roos,Mammal
517f6bf3-7579-46c8-84c0-2725dc3d3e29,Bethel,Royals,Occupation
b4acd042-f57d-42cf-b213-22e35444f527,Eastern Mennonite,Royals,Occupation
dead023d-2eb3-42f7-b9a4-3968d7f3b4cc,Ecclesia,Royals,Occupation
f7ac4d8f-f6cf-4d6c-bb29-dcd0e93f023c,Hope International,Royals,Occupation
2e9743ef-b360-42cb-a2c7-e176ac44081e,Johnson University,Royals,Occupation
a3676da1-8404-4065-88a8-3e6d38f847c5,Queens University of Charlotte,Royals,Occupation
4a98feae-5ea4-417f-b2aa-d3daab5ec568,Regent University,Royals,Occupation
4fa20617-90fc-4d03-bc0d-e8915c39b8d8,Scranton,Royals,Occupation
c63f2aa8-f86f-4797-b1bc-883aef69d357,Warner,Royals,Occupation
79871449-f5a1-4650-b3cf-85b78fd6943e,Gardner-Webb,Runnin' Bulldogs,Dog
df17c9cf-be8a-43d7-a43f-a0a367f094fb,Life University,Running Eagles,Raptor
ff43523f-c11f-4041-b4e9-afa1fb382125,Maranatha Baptist,Sabercats,Cat
3c817765-b021-4129-9a57-9b961f023ed4,Barber-Scotia,Sabers,Thing
7a7050eb-4866-46d0-a533-c50baac26984,Marian,Sabres,Thing
f35ec0bf-fd95-4757-a4de-036e39281094,Pomona-Pitzer,Sagehens,Bird
abc2257f-7d4b-4a11-b836-5de902dbf416,Palm Beach Atlantic,Sailfish,Fish
7946084d-8b68-40bd-a5ac-71bdc852c44a,Aquinas College,Saints,Religious
fbc72734-aa81-40dc-9a01-e125e5e19401,Emmanuel (MA),Saints,Religious
053f0aca-6e7c-4504-8c21-9e69f628ffa9,Flagler,Saints,Religious
5f7ad804-e302-4ba2-99fd-e13c309aad45,Hillsdale Free Will Baptist College,Saints,Religious
4ce13a00-6753-45b4-bd6a-24992769a9d9,Limestone,Saints,Religious
7403237d-6051-4149-ac87-da16f957ab45,Marymount,Saints,Religious
fd245a76-7ab5-41d4-9dd4-76bb82bc47bd,Maryville (MO),Saints,Religious
4935c691-a4ba-40f7-ae46-abf8241a2629,Our Lady of the Lake,Saints,Religious
5c3acc60-52e0-4454-a363-fd086fbb534b,Presentation College,Saints,Religious
08d2a0d1-323b-4cd3-92f0-63d1a0d446e5,Randall,Saints,Religious
f2200f24-c2ce-47a8-857d-8017a9512273,Saint Martin's,Saints,Religious
aba39ad0-6d9f-4946-bf7e-5c63bf966ce6,Siena,Saints,Religious
20132147-705f-4b22-9e21-ea2e82abfddb,Siena Heights,Saints,Religious
7d965b1d-eb69-4eeb-967a-45faedc0c799,St. Lawrence,Saints,Religious
7f2c933b-7771-4714-8760-3ebdf2f4c6d0,The College of St. Scholastica,Saints,Religious
49b05108-8e24-4438-9471-26c46be05fff,Thomas More,Saints,Religious
7cdfcf92-7fe7-46f1-9b66-6912114182e6,Southern Illinois,Salukis,Dog
a9fa73aa-59cc-4b2a-8070-cea7f3402982,Southeastern Oklahoma State,Savage Storm,Weather
5341ef64-430e-43b9-9dcd-d83e9ba07aad,Alfred University,Saxons,Race
e030d4c4-5c96-42d7-bd0b-0dd0922c87a7,Illinois Tech,Scarlet Hawks,Raptor
b03bb029-4499-4a2c-9074-5071ed360b21,Rutgers,Scarlet Knights,Hero
7a64c4dc-d240-4f85-8f2d-ee6e6929d276,Rutgers-Camden,Scarlet Raptors,Raptor
c35813df-7d21-44aa-bf34-a935b193d037,Alma,Scots,Race
8709616c-fb1c-4210-bd0c-ec4bd68fd69f,Covenant,Scots,Race
58cdf767-f4e9-4229-bea7-925973b4f87f,Lyon College,Scots,Race
3e6fb8cb-4c5e-4bd4-a31d-81460e733633,Macalester,Scots,Race
b28e6b44-4092-46aa-853d-48a62b27b9ed,Maryville (TN),Scots,Race
6fd87777-e217-4347-8f42-f9628af214af,Monmouth College,Scots,Race
301722d0-e783-42a0-99ac-c46a1185f1e9,Saint Elizabeth,Screaming Eagles,Raptor
95c92bbf-3fbe-471f-b7bc-375f9018d785,Southern Indiana,Screaming Eagles,Raptor
b8cf9a03-c80e-47b8-9b3d-7f5b38e36bf4,Salisbury,Sea Gulls,Bird
d3dcda97-13a7-4fb4-a26a-af232f791ec9,Point Loma Nazarene,Sea Lions,Cat
b27dd206-8fe8-448a-9282-f299a984caa6,Keiser,Seahawks,Raptor
c54279f9-3028-4663-893a-7d22482f8098,North Carolina-Wilmington,Seahawks,Raptor
911d834b-e643-4de3-89b1-21ca7b10453a,Salve Regina,Seahawks,Raptor
26eaeb27-2fc4-4c9f-93b2-27f6afe39071,St. Mary's College of Maryland,Seahawks,Raptor
3b644902-cd06-4930-9a3e-6c78cfb1f464,Wagner,Seahawks,Raptor
e0ef0587-bd03-4590-b92d-b95e1f9b615b,Alaska-Anchorage,Seawolves,Predator
bbde36e9-eda2-40ac-92c0-a8e1f46498e2,Sonoma State,Seawolves,Predator
23426c0b-1705-4dfb-a0e2-efdbdd8fd6f6,Stony Brook,Seawolves,Predator
d3c8a767-b6fc-45d4-a5f2-18406f2993f1,Florida State,Seminoles,Race
a77bb539-51a1-4257-80c4-d87b17630625,Davis & Elkins,Senators,Occupation
bcc5efaf-2cad-4335-8ac9-fda38e9c7a9c,Nebraska Christian College,Sentinels,Occupation
e850728a-ba62-4cba-bae1-4d25c60f9f44,Pace,Setters,Dog
e5f07397-8447-486b-a24f-b4a3678d68f0,Hawaii Pacific,Sharks,Fish
7f284490-e921-4ff3-9073-bb9356c269c1,Nova Southeastern,Sharks,Fish
031f12fb-9461-4fbd-9876-31b53488ca93,Washington Adventist University,Shock,Thing
f38b58de-3273-4723-a78b-2f918e9aa2d5,Wichita State,Shockers,Occupation
1bba401e-c55b-4141-a737-d76d101b79f3,Washington College (MD),Shoremen,Occupation
ef13a371-76ed-409c-9aa6-35135183e170,Chaminade,Silverswords,Thing
059fb98d-638a-4a40-a8d4-5a629c668af4,Fort Lewis,Skyhawks,Raptor
86579b93-b7f4-487d-bb34-5f42e7271433,Point University,Skyhawks,Raptor
51a19d36-24f3-442f-8777-e2e35f5e03b6,Stonehill,Skyhawks,Raptor
9febd5fa-982f-4f40-ad1d-8e49be96cf4f,Tennessee-Martin,Skyhawks,Raptor
a532db01-ea51-4a5a-a7ce-be9815d2d2d1,Montana State Northern,Skylights,Weather
07f784b7-e60c-4623-9674-af90359321f9,Elmira,Soaring Eagles,Raptor
b2fda957-e15c-4fb2-8a13-6e58496f561e,Oklahoma,Sooners,Nonsense
37383d92-31a8-407d-a878-9cc74d912b8f,Aurora,Spartans,Hero
52548fc2-6b07-4993-8e9a-bf365f54601a,Case Western Reserve,Spartans,Hero
2f2bf1c2-2163-4713-91cb-a6361a477c0e,Castleton,Spartans,Hero
968fe8f7-fbd9-4442-91cc-e3ec98d6f660,Dubuque,Spartans,Hero
3fd3faf2-fffb-46b1-b601-1162fc81509c,D'Youville,Spartans,Hero
9c712f87-bcf4-41a5-b19c-0b8ae0a7f016,Manchester,Spartans,Hero
a41d5a05-4c11-4171-a57e-e7a1ea325a6d,Michigan State,Spartans,Hero
a118319b-403e-4253-8a4e-d9b0287e19d5,Missouri Baptist,Spartans,Hero
a8f75c12-c4db-401f-99e3-b48209d85274,Norfolk State,Spartans,Hero
29de4e5e-ee5b-48c8-bffc-1972e7da1e30,San Jose State,Spartans,Hero
34ad8f3d-5b25-4b7d-aafc-da434253a5aa,St. Thomas Aquinas,Spartans,Hero
ed102706-50d5-43f7-b139-cdfbbc746d47,Tampa,Spartans,Hero
612f7f66-1de1-4d42-b842-9a508daab911,UNC Greensboro,Spartans,Hero
2e78bd1b-9422-491e-9c73-37cf83b0e34e,USC Upstate,Spartans,Hero
6560815b-8df7-4198-af3b-46c2e8e92560,York College (PA),Spartans,Hero
9b66e1e0-aace-4671-9be2-54c8acf5ecfc,Richmond,Spiders,Invertibrate
f2d3cbad-9869-4ffe-ab7f-6285dafa7bce,Ottawa,Spirit,Religious
71676d66-3814-479d-a10c-53c6b51298cb,Claremont-Mudd-Scripps,Stags,Mammal
a381465b-4530-4a00-a50c-5253cd7695a0,Fairfield,Stags,Mammal
f4a06633-0eba-4d6b-b370-048840ec6789,Dominican (IL),Stars,Weather
fc7853ed-32ab-463e-b584-8ee4f2e17cc5,Oklahoma City,Stars,Weather
ca33c0af-6398-4316-a9a6-8f8dadea815c,Delta State,Statesmen,Occupation
fef01f29-b52f-4f9a-bb78-43f5130d945d,Hobart,Statsmen,Occupation
a443e2fb-c2eb-4130-9a29-bacc06b4b02b,Texas College,Steers,Mammal
59ad77a7-0f3c-40bc-acc9-40996d3f0885,Crown College,Storm,Weather
230ed8fe-d629-4ce5-a7d2-7057ec68d06e,Lake Erie,Storm,Weather
0aeaf447-0d72-4e59-8c5d-120f533e486b,Simpson,Storm,Weather
0085b9b7-7d84-43bf-8dc2-95f698f4ae23,Oglethorpe,Stormy Petrels,Weather
e18ab6b5-716c-48da-934c-0e5715c4f6e1,Heidelberg,Student Princes,Occupation
ad4bc983-8d2e-4e6f-a8f9-80840a786c64,Arizona State,Sun Devils,Villian
173e27af-1fce-40e1-b850-c054b4456aa5,Fresno Pacific,Sunbirds,Imaginary
c3daed6f-bbe4-4afb-946b-34174b8e954e,Johnson (FL),Suns,Weather
0dd44ba7-caf4-4b4f-8b65-120f51fd05d7,Bethany (KS),Swedes,Race
2a997096-a381-469d-a7e9-9e031c8b071c,Indiana State,Sycamores,Thing
e9ca48b2-00ba-41c0-a02b-6885a2da1ff1,North Carolina,Tar Heels,Occupation
8a56f0f5-cf42-42f6-890a-8c7e17cab06e,Rollins,Tars,Thing
0a76957c-f96a-4c81-9a52-ae41c13e2aec,Carnegie Mellon,Tartans,Race
2778d005-cc14-4e58-9bf2-3fc37bffb62f,Maryland,Terrapins,Reptile
de9a0e19-b83c-4b98-a6da-81c110cb364b,Boston University,Terriers,Dog
5a166ddc-bd49-42b2-ae90-c93a8e1fb536,Hiram,Terriers,Dog
e19cfc47-f23f-4c64-ba29-2e6d12dc45b2,St. Francis (BKN),Terriers,Dog
961a871d-de9a-4ecc-8de6-369966b62920,Thomas (ME),Terriers,Dog
9916713f-b243-452b-93ae-a2c3ccabf68b,Wofford,Terriers,Dog
869cf278-be37-4212-b07f-3100506f3edb,Tarleton State,Texans,Race
f14932d4-4674-4fee-932c-19a94aa5959b,Slippery Rock,The Rock,Thing
0923a3c5-9559-4afd-8c30-eeecdb74783c,Kentucky State,Thorobreds,Mammal
bbe4cb2c-867c-41ae-b5ee-95e8bf18456f,Skidmore,Thoroughbreds,Mammal
e16d6d03-e53b-455a-a2ef-e8671fea52ad,Trine,Thunder,Weather
13ac5676-8e6a-471b-b27b-02d4dce7e8a2,Wheaton College (IL),Thunder,Weather
c7116621-45ed-4ab1-9ad9-dee524120569,Southern Utah,Thunderbirds,Imaginary
58d8baa3-7624-4b21-a47f-a23df2bf8859,Marshall,Thundering Herd,Mammal
03f6a58d-3b15-4a03-8d4a-263b724306f7,CSU-Pueblo,Thunderwolves,Predator
0c0608b3-f349-4f5e-9a10-7e6a744dd0d2,Auburn,Tigers,Cat
5dcdfa0f-bc5d-42e9-b678-106ef5935905,Benedict,Tigers,Cat
2855b228-8b34-458b-8f9b-009cb15d6629,Campbellsville,Tigers,Cat
6185c2d4-7775-4451-a821-e7063627ee40,Campbellsville-Harrodsburg,Tigers,Cat
cd34248e-6f7d-4e0a-b694-567699bd7917,Champion Christian College,Tigers,Cat
dcf5c2e7-c227-4c20-af26-715d5f859412,Clemson,Tigers,Cat
e09f103c-4e02-472c-90b0-79843a40c18a,Colorado College,Tigers,Cat
217a6ad1-5ebd-4373-87df-0268277970bf,DePauw,Tigers,Cat
a07f9779-8082-4377-9fed-f88b3061e337,Doane,Tigers,Cat
8766c479-7217-4c79-8f3d-fa9d8945cc57,East Central,Tigers,Cat
61b1208b-044c-45b5-852e-0b8c737c23f4,East Texas Baptist,Tigers,Cat
62984600-6d23-46ba-ab2f-1661582d02d1,Edward Waters,Tigers,Cat
08235654-772b-4e4a-9fc7-526c71bcde70,Fort Hays State,Tigers,Cat
dc68eec8-de7b-4ef5-94dc-9847d2ebfb9e,Georgetown College,Tigers,Cat
2cbac96a-c971-4752-96e4-4de7e0711e2a,Grace Bible College,Tigers,Cat
6776c7e6-f4c2-47bd-99e5-39fc179a3197,Grambling State,Tigers,Cat
b1706fc8-9fb4-4eaa-bfeb-92a20eb34488,Hampden-Sydney College,Tigers,Cat
2d9703a1-4838-47a4-8909-11e6f947402b,Hiwassee,Tigers,Cat
1f10d94b-f726-407e-a016-aac9e5990681,Holy Family,Tigers,Cat
7c939f02-9926-4f65-b6e1-431de9ce6212,Iowa Wesleyan,Tigers,Cat
c444e03b-d16b-48b2-9b18-823c2647d41d,Jackson State,Tigers,Cat
1ff4d9e1-f2cb-468c-8811-469bcfe5e98e,Lincoln (MO),Tigers,Cat
70e2bedd-3a0a-479c-ac99-e3f58aa6824b,LSU,Tigers,Cat
1551b3a0-6d10-4ffa-8dfa-73b56f004553,Memphis,Tigers,Cat
77ca152a-cb2f-48a5-97b2-492351250d94,Missouri,Tigers,Cat
8a885a3f-47ca-4b22-9edd-e9ecd058c1f1,Occidental,Tigers,Cat
a8c644e0-cb57-48ea-acc4-b7dab11db64d,Olivet Nazarene,Tigers,Cat
62346430-9b6c-4b8d-b5e4-af8b2f88b65d,Ouachita Baptist,Tigers,Cat
c9570e17-c4fd-41e6-908a-1a083941319d,Pacific,Tigers,Cat
9357745f-1c20-4167-8cb3-55f43bc1189f,Paul Quinn College,Tigers,Cat
fe406882-9f22-495e-9df6-ef357a6803c6,Princeton,Tigers,Cat
c657a2a0-eaad-435b-9f77-27f0d108a2a3,Rochester Institute of Technology,Tigers,Cat
98d9b10e-d7dd-4990-a6e0-ced0d548be58,Salem International,Tigers,Cat
3eacc387-0ad8-4c5e-a666-c8ab447d224f,Savannah State,Tigers,Cat
30557534-8c7e-4602-bc24-a2f5860265ee,Sewanee,Tigers,Cat
87721c44-53a2-47aa-9b3a-0f1c99b0f328,Tennessee State,Tigers,Cat
eb157f98-0697-459c-9293-ddb162ceb28b,Texas Southern,Tigers,Cat
6f3eec09-2918-4739-a0e8-5d79e14a8332,Towson,Tigers,Cat
f6eeed01-5a94-4044-aec4-1ea36fe0f7e6,Trinity (FL),Tigers,Cat
14f823b5-3a9b-42d8-885e-a845fc395f94,Trinity (TX),Tigers,Cat
fdd807b5-adce-4041-9dcd-3ff69865cda7,Voorhees,Tigers,Cat
21da2dbf-5e83-49c7-af5b-d44d14e19839,West Alabama,Tigers,Cat
9e1a03ca-f4fe-413b-b34c-6c3892a0ca27,Wittenberg,Tigers,Cat
01b0a316-317f-4120-8447-9831231aef0b,Northwood (MI),Timberwolves,Predator
c009914b-3303-4dee-b915-978aa48a31d0,Cal State Fullerton,Titans,Hero
1b78e7f6-f25c-4921-98e2-9bc565f8dfb4,Detroit Mercy,Titans,Hero
f4451c13-1ff7-4758-bfb5-4df0a6294c85,Illinois Wesleyan,Titans,Hero
1d8332df-ca4f-4d65-9bf0-f662d1f98fb5,Indiana University South Bend,Titans,Hero
f8dc3846-7584-4193-9207-554dbbb0b38a,UW-Oshkosh,Titans,Hero
986e0da8-03a1-4ed8-aa2d-2e0adfbf1a2c,Westminster (PA),Titans,Hero
524b46a5-c9e5-497c-9a29-2ffa5433bb10,Thiel,Tomcats,Cat
a8dd22e1-6976-4351-b1ba-c8bda07ec138,St. Thomas (MN),Tommies,Name
c9e06762-c40b-4b2e-90fb-8fff260f9383,Blue Mountain,Toppers,Occupation
620d5944-7156-47d3-aad5-5b3824557d03,San Diego,Toreros,Race
df5efcf4-1eaa-4dd2-ac9f-a438ecff8d79,Brevard College,Tornados,Weather
8fa1a679-3ad4-4fc0-807d-85ba2018210d,Concordia (TX),Tornados,Weather
66a72e54-fc33-4222-8f5e-54cb4038f89c,King (TN),Tornados,Weather
c011ca3a-df41-4c39-9770-99476e2848ab,Cal State Dominguez Hills,Toros,Mammal
ddfc1dde-4475-4707-921c-f70804422573,Dixie State,Trailblazers,Hero
b0141c75-356d-4e2c-aaf7-7e4eedfe5f3c,Massachusetts College of Liberal Arts,Trailblazers,Hero
25fb8b8c-9450-40f4-bb90-ea3f99d55ef4,Ohio Christian,Trailblazers,Hero
ad24b724-a11c-4dcd-a68c-67c53833ccb7,William & Mary,Tribe,Race
1bde349f-094e-42fe-8550-a13279de820a,Eckerd,Tritons,Imaginary
6b0359b5-10a1-486f-916d-41e109edadcf,Missouri-St. Louis,Tritons,Imaginary
55a2e70d-efe3-4aa6-b625-daab2faa4991,UC San Diego,Tritons,Imaginary
ea7c4182-cc45-4e1a-8e31-a30888d345f5,Anderson (SC),Trojans,Hero
0dadedb0-2bd3-45e7-91a3-93af6c4e87f2,Arkansas-Little Rock,Trojans,Hero
dea363c7-6e3e-4486-a670-5462bb69da8b,Dakota State,Trojans,Hero
ee93d3ea-7273-44ea-80d7-7a8456931a38,Hannibal-LaGrange University,Trojans,Hero
77a93b8b-8830-438d-87ce-7043e194d759,Mount Olive,Trojans,Hero
1d542153-752a-4c0f-8dd6-b467ede4bd2a,Taylor,Trojans,Hero
9bb49515-c2c8-44f8-8adf-d86a5d3bde11,Trevecca Nazarene,Trojans,Hero
d1b9acfa-8bb2-4b6f-a570-94f1a6f96bd7,Trinity International University,Trojans,Hero
6373b18c-62f6-49bc-bd4c-8959a2466516,Troy,Trojans,Hero
3a000455-de7c-4ca8-880e-abdce7f21da9,USC,Trojans,Hero
47b50192-e9d7-4840-94ac-ec2261e2c440,Virginia State,Trojans,Hero
12a506e9-aeb5-44b1-a16d-52c774f2f12c,Trinity (IL) Christian College,Trolls,Imaginary
f46ea256-9d8c-4b25-83fb-a3aa0eb46c31,Academy of Art,Urban Knights,Hero
0d037a5d-827a-44dd-8b70-57603d671d5d,Utah,Utes,Race
f06d97ef-8c61-459f-af1c-4baae96bc30d,Manhattanville,Valiants,Hero
ec6185b7-4e0c-4eb8-99ef-f3a4dccf6b91,Idaho,Vandals,Villian
92456e1e-f48c-4385-96ab-14cb27d18726,Texas Rio Grande Valley,Vaqueros,Race
a89c6d83-55bb-41ea-a538-7988990bd9f8,Augustana,Vikings,Race
6ad614b0-778e-4cb6-a14d-4d13a9bcd743,Augustana College,Vikings,Race
085606a6-ecb7-4bbd-b8fa-c7b0ef6dbbca,Berry,Vikings,Race
d0490df0-9cc4-4f37-b5fa-71dbc68efe17,Bethany Lutheran,Vikings,Race
e30c0417-b220-424e-886e-dd1249e2ca5a,Cleveland State,Vikings,Race
7d22166e-402a-4ba6-9ea3-d01ce0460f15,Elizabeth City State,Vikings,Race
a8b650a7-5016-44bb-92fb-4f8b4f9e72d9,Lawrence University,Vikings,Race
d8f9f177-ed14-49ec-acc6-3856390a3907,Missouri Valley,Vikings,Race
03f48445-3994-42bb-a9b1-5c22f98fa5c6,North Park,Vikings,Race
79965018-7f6f-4273-9eef-65c99b592b01,Portland State,Vikings,Race
3c21da08-ad41-4a99-a3b7-5ee107c9537a,Salem State,Vikings,Race
8edae726-8c29-4b67-86e9-3d1d769f410e,Valley City State,Vikings,Race
5d5c680b-14eb-4f0c-9fce-c12e0b2dfcbb,Western Washington,Vikings,Race
2e3c7125-eb26-456d-a976-50a8b66dc228,New York University,Violets,Color
b827dbdf-230f-4916-9703-3bb9004e26eb,Tennessee,Volunteers,Hero
fcea2ce1-7add-42ae-9fdc-55bd77c929f6,California (PA),Vulcans,Imaginary
9e5678b1-14ed-45e6-9934-f62b7add1535,Hawaii Hilo,Vulcans,Imaginary
8788ec53-135b-4fe6-8cfa-292ee0e57dbb,McMurry,War Hawks,Imaginary
74ae81f4-31dc-486e-83ee-79a21888f375,Auburn-Montgomery,Warhawks,Imaginary
18585f21-1d63-4400-974c-433fd5073c34,Louisiana-Monroe,Warhawks,Imaginary
f1fd0ade-ecde-4df5-9389-c64d1e1cf601,UW-Whitewater,Warhawks,Imaginary
0196c7b3-95a1-4f93-9701-e9013f9c1187,Bacone,Warriors,Hero
eca15798-4d37-4fdd-8ba2-bc9d57d4784f,Cal State Stanislaus,Warriors,Hero
7ced29ca-9b03-4a21-aa6f-4b75e2146120,Calvary University,Warriors,Hero
ad925b0b-8411-41de-81df-212482545581,Corban University,Warriors,Hero
1569026a-70e2-4234-9920-1fdc441d7363,East Stroudsburg,Warriors,Hero
aedaa932-f845-4ceb-add7-6efd7a5fe2fc,Eastern Connecticut State,Warriors,Hero
d4dc55b3-94fe-4d4f-b0bf-c50c5f064392,Hawaii,Warriors,Hero
23426c31-0f24-45f6-9aab-f4cc1a4a621c,Hendrix,Warriors,Hero
d8c88441-b98a-4e07-a85b-60141758bdde,Indiana Tech,Warriors,Hero
3a184891-d6ca-458c-9947-cd9160326247,Lewis-Clark State,Warriors,Hero
1abe928d-aec9-4133-9193-617b96ddaf42,Life Pacific College,Warriors,Hero
9fb0a30c-2360-48a1-9a8a-06ee56cce22e,Lycoming,Warriors,Hero
16de38c6-062f-48b1-848f-9c4a8ce7cfa8,Merrimack,Warriors,Hero
9e2fe141-40ee-43c8-9675-a52058e2f419,Nyack,Warriors,Hero
0a5c8fd6-954d-4ad8-9e37-1341dc6367e9,Rochester College,Warriors,Hero
05977532-f67c-44cb-88eb-ba127d7bb712,Southern Wesleyan,Warriors,Hero
0c85b125-48f2-468c-8461-afa7fdab248a,Waldorf,Warriors,Hero
dee16cfc-9577-4840-a5dd-1e40822d5bd8,Wayne State (MI),Warriors,Hero
d2acd808-eb4f-484a-a8af-b86451e64a87,Webber International,Warriors,Hero
ff34c6ba-fc53-4fa2-87ad-4d3ba5f6cbdc,Westcliff University,Warriors,Hero
2a7c56bc-306e-4aed-9653-ee08c5bff3d6,William Jessup,Warriors,Hero
e78dd152-95f8-4127-be6d-f56d04daf36b,Winona State,Warriors,Hero
8191060c-07d5-429a-9055-4ddd203cc6ea,Wisconsin Lutheran,Warriors,Hero
eed1d101-e7a5-44fe-a27f-bb9bc7d3200e,Emory & Henry,Wasps,Invertibrate
17479d6f-c8f1-458b-9412-8c76279a2bb4,Pepperdine,Waves,Weather
a52b2ece-1f87-45b5-ae1e-8d0920479965,Abilene Christian,Wildcats,Cat
9b166a3f-e64b-4825-bb6b-92c6f0418263,Arizona,Wildcats,Cat
cad7ac49-62b6-4681-aefd-4239ed29f8ee,Baker,Wildcats,Cat
5c2f0319-eef6-4a73-b95e-857c830b0fac,Bethel (TN),Wildcats,Cat
0796c3b6-5308-4aa0-8fdc-c65d39b043c6,Bethune-Cookman,Wildcats,Cat
f3ce379a-9b10-4386-98fb-14a720f2bc85,Cal State Chico,Wildcats,Cat
92642bea-c91c-480f-8a30-d0f373745fc0,Cazenovia,Wildcats,Cat
e035f982-4260-4b8b-988b-eb859cd6ff5d,Central Washington,Wildcats,Cat
e83b24a0-ebe8-4f37-92ce-6c5944b18085,Culver-Stockton,Wildcats,Cat
a3db7a61-325f-4266-b29e-e7d35e9705ba,Daemen,Wildcats,Cat
2920c5fa-1e86-4958-a7c4-1e97b8e201d8,Davidson,Wildcats,Cat
3a592011-b3ad-4744-b39d-30445d7c04ad,Fort Valley State,Wildcats,Cat
03cdc968-4a7f-4230-9c28-f84fca60af2a,Johnson & Wales (CO),Wildcats,Cat
9b0e6604-a29a-4231-9dd7-679260ee1ebc,Johnson & Wales (FL),Wildcats,Cat
614771e1-795d-4832-a974-a20f96c1522f,Johnson & Wales (NC),Wildcats,Cat
840f28a8-0c27-46d1-ab04-767539645785,Johnson & Wales (RI),Wildcats,Cat
d203f38a-a166-4258-bca2-e161b591ecfb,Kansas State,Wildcats,Cat
2267a1f4-68f6-418b-aaf6-2aa0c4b291f1,Kentucky,Wildcats,Cat
afc02f60-2fb0-499e-937f-c2e0ede95e0b,Linfield,Wildcats,Cat
d52063c1-9b86-4f5a-9b24-7372ebdd6b62,Louisiana College,Wildcats,Cat
93cb009e-5bbf-4081-b2c9-44028fe28096,New Hampshire,Wildcats,Cat
687bc7f0-cf89-462a-8674-4cd85f3d4746,Northern Michigan,Wildcats,Cat
4b7dedc0-7b48-49a4-aad6-8a94a33274d2,Northwestern,Wildcats,Cat
2d41bed1-62cb-40a6-a6ea-cd2f07183085,Pennsylvania College of Technology,Wildcats,Cat
46088d45-37c4-419e-ba51-87b6e083a736,Portland Bible College,Wildcats,Cat
8902de23-9432-493c-8ff7-de39ae28cd40,Randolph,Wildcats,Cat
809e0946-3973-44a9-91ab-b297ac0b798b,SUNY-Polytechnic Institute,Wildcats,Cat
4383eb6a-7fd8-4ff2-94c5-43c933121e88,Villanova,Wildcats,Cat
571027be-d403-4310-995e-9449b59d6c19,Wayne State (NE),Wildcats,Cat
4743cb7c-784a-4b95-a380-5471f92f2217,Weber State,Wildcats,Cat
05b80aaf-a4f0-46f2-b559-e79466056992,Wheelock,Wildcats,Cat
706d96bf-088d-4562-9b43-672245dfcbba,Wiley,Wildcats,Cat
b2c69d17-ccbe-4b3e-b910-4eebd4a9e544,Wilmington,Wildcats,Cat
62a73b4a-e281-4483-a1f8-f1160a18e456,Nevada,Wolf Pack,Predator
cd98ec2c-7c00-454d-a7d7-99f51fdc01f2,Loyola (NO),Wolfpack,Predator
52df1e19-b142-4a76-a439-ad68455d0581,North Carolina State,Wolfpack,Predator
af1c00e4-0f6d-4da3-ac6d-d4a086369ff1,Oak Hills Christian College,Wolfpack,Predator
24fc8543-cde0-4977-9bf7-94b7aeea4f9c,Grove City,Wolverines,Predator
bdc2561d-f603-4fab-a262-f1d2af462277,Michigan,Wolverines,Predator
a96ad616-86c4-40c3-9cdd-19833ed363b8,Michigan-Dearborn,Wolverines,Predator
4200f37c-86e0-413e-a5c4-e5edf1e272e7,Utah Valley,Wolverines,Predator
7a746858-efa2-4436-a23a-a6abe8860fc6,Wesley (DE),Wolverines,Predator
9ec4759d-a9c1-48b4-a9b6-cd0dbb51d3f5,Newberry,Wolves,Predator
cb5ca907-913a-4068-b5bf-8653d7f26f87,Northern State,Wolves,Predator
701ab32b-ac60-4106-97a7-cf70a0a053f7,Walla Walla,Wolves,Predator
d12b20ce-8d80-4085-9b77-0373b2ee7d5e,West Georgia,Wolves,Predator
2b861694-22f4-4392-bd2a-8d272cfd44eb,Western Oregon,Wolves,Predator
f442d7aa-8c42-4175-a569-624093f21eff,Keuka,Wolvves,Predator
2e2e328f-aa47-41a8-872a-18deba9ed56c,Arkansas Tech,Wonder Boys,Hero
dd00cc78-65e7-4a36-8c30-6b69b99ab8d3,American International,Yellow Jackets,Invertibrate
f96a18b5-8bdc-47ef-a710-356279b2888f,Baldwin Wallace,Yellow Jackets,Invertibrate
94e4ca67-48bf-4a2d-bd5f-609d2a3125ef,Black Hills State,Yellow Jackets,Invertibrate
53f31714-8b89-4f4d-8091-2ed535383e7f,Cedarville,Yellow Jackets,Invertibrate
8226a010-5afc-4871-8ae0-33f13d763938,Defiance,Yellow Jackets,Invertibrate
0f63a6f5-bda7-4fd9-9271-8d33f555ca19,Georgia Tech,Yellow Jackets,Invertibrate
e6a41be0-b1a1-4bba-beb4-330a7ea6b20d,Graceland,Yellow Jackets,Invertibrate
ae618cde-fb1d-4b42-ac2d-d0fc3d74996d,Howard Payne,Yellow Jackets,Invertibrate
7af5f377-ba1f-46b2-a3e3-25c433056799,Randolph-Macon,Yellow Jackets,Invertibrate
633b3070-4e65-4eb3-9d9c-31c22078368e,Waynesburg,Yellow Jackets,Invertibrate
6b95b3d2-8b63-4ccc-aaa7-c65901a9c124,West Virginia State,Yellow Jackets,Invertibrate
49b245bc-93b1-4b7a-83df-0cde96d1e99f,LeTourneau,Yellowjackets,Invertibrate
5b8981c1-ca05-4179-ac6d-0be34fee203e,Montana State-Billings,Yellowjackets,Invertibrate
28d0e787-9e39-4212-934a-d41fd2717958,Rochester,Yellowjackets,Invertibrate
2250a2f3-c77b-4315-a507-14913f3d756e,UW-Superior,Yellowjackets,Invertibrate
d48fa86d-9a1d-4427-934f-42a22597082d,Oberlin,Yeomen,Occupation
56fe0ab2-e4f0-47b9-8726-9ce23ebcde20,Akron,Zips,Thing
